period_start,period_type,product_id,product_name,category,profile_mean_quantity,seasonal_month_mean_quantity,overall_quantity,overall_transactions,predicted_movement_level,probability_fast_moving,probability_medium_moving,probability_slow_moving,movement_confidence,movement_score
2026-01-12,week,1043,Baby Cheramy Oil 100ml,Baby & Kids,15.505050505050505,27.555555555555557,1535,345,Fast Moving,1.0,0.0,0.0,1.0,1.0
2026-01-12,week,1151,Sunsilk Shampoo (Black)180ml,Personal Care,12.0,18.22222222222222,1260,739,Fast Moving,1.0,0.0,0.0,1.0,1.0
2026-01-12,week,1166,Dove Shampoo (Intense) 180ml,Personal Care,13.123809523809523,20.555555555555557,1378,763,Fast Moving,1.0,0.0,0.0,1.0,1.0
2026-01-12,week,1188,Baby Diaper (Softlove) 4pcs /L,Baby & Kids,18.228571428571428,28.333333333333332,1914,1127,Fast Moving,1.0,0.0,0.0,1.0,1.0
2026-01-12,week,1416,Highland  Vanilla Milk 180ml,Dairy & Chilled,15.904761904761905,24.22222222222222,1670,871,Fast Moving,1.0,0.0,0.0,1.0,1.0
2026-01-12,week,1418,Highland Fresh Milk 900ml,Dairy & Chilled,8.480392156862745,14.11111111111111,865,448,Fast Moving,1.0,0.0,0.0,1.0,1.0
2026-01-12,week,1449,Milo Drink 180ml,Beverages,21.83809523809524,32.0,2293,877,Fast Moving,1.0,0.0,0.0,1.0,1.0
2026-01-12,week,1478,White Sugar 1kg (Pkt),Staples & Dry Groceries,75.46666666666667,70.22222222222223,7924,1766,Fast Moving,1.0,0.0,0.0,1.0,1.0
2026-01-12,week,1479,White Sugar 1kg,Staples & Dry Groceries,79.13333333333334,91.44444444444444,8309,1849,Fast Moving,1.0,0.0,0.0,1.0,1.0
2026-01-12,week,1496,Tiara Layer Cake (Chocolate)310g,Snacks & Confectionery,26.914285714285715,38.22222222222222,2826,1005,Fast Moving,1.0,0.0,0.0,1.0,1.0
2026-01-12,week,1564,Watawala Tea 100g,Beverages,28.590476190476192,43.666666666666664,3002,1117,Fast Moving,1.0,0.0,0.0,1.0,1.0
2026-01-12,week,1567,Watawala Ayurvedic Tea 160g,Beverages,17.63809523809524,24.444444444444443,1852,685,Fast Moving,1.0,0.0,0.0,1.0,1.0
2026-01-12,week,1570,Zesta Tea (BOPF) 195g,Beverages,7.931034482758621,22.625,690,243,Fast Moving,1.0,0.0,0.0,1.0,1.0
2026-01-12,week,1575,Dilmah Strong Tea 100g,Beverages,12.78640776699029,26.333333333333332,1317,462,Fast Moving,1.0,0.0,0.0,1.0,1.0
2026-01-12,week,1635,Ritzbury  Chunky-Choc (Classic)200g,General Grocery,17.304761904761904,21.444444444444443,1817,954,Fast Moving,1.0,0.0,0.0,1.0,1.0
2026-01-12,week,1657,Motha Icing Sugar 1kg,Staples & Dry Groceries,26.90566037735849,23.333333333333332,2852,683,Fast Moving,1.0,0.0,0.0,1.0,1.0
2026-01-12,week,1789,Asiri Ddevilled Dhal 100g,Staples & Dry Groceries,16.153846153846153,33.22222222222222,1680,404,Fast Moving,1.0,0.0,0.0,1.0,1.0
2026-01-12,week,1818,CBL Bran Cracker 160g,Snacks & Confectionery,12.96039603960396,24.555555555555557,1309,446,Fast Moving,1.0,0.0,0.0,1.0,1.0
2026-01-12,week,1836,Maliban Ginger Biscuit 370g,Cooking Essentials,39.625,55.888888888888886,4121,955,Fast Moving,1.0,0.0,0.0,1.0,1.0
2026-01-12,week,1852,CBL Ginger Biscuits 85g,Cooking Essentials,29.24271844660194,47.333333333333336,3012,703,Fast Moving,1.0,0.0,0.0,1.0,1.0
2026-01-12,week,1853,CBL Ginger Biscuits 400g,Cooking Essentials,45.0,74.0,4725,1122,Fast Moving,1.0,0.0,0.0,1.0,1.0
2026-01-12,week,1854,CBL Nice Biscuits  100g,Snacks & Confectionery,56.75238095238095,79.11111111111111,5959,2151,Fast Moving,1.0,0.0,0.0,1.0,1.0
2026-01-12,week,1878,Dettol Hand Wash (sensitive) 200ml,Cleaning & Household,10.451923076923077,16.77777777777778,1087,610,Fast Moving,1.0,0.0,0.0,1.0,1.0
2026-01-12,week,1977,Edinborough Chilli Sauce230g,Cooking Essentials,17.666666666666668,32.111111111111114,1802,417,Fast Moving,1.0,0.0,0.0,1.0,1.0
2026-01-12,week,2002,Ocean Star Canned Fish 425g,"Meat, Fish & Frozen",19.723809523809525,23.555555555555557,2071,1047,Fast Moving,1.0,0.0,0.0,1.0,1.0
2026-01-12,week,2003,Ocean Star Canned Fish 155g,"Meat, Fish & Frozen",14.285714285714286,21.333333333333332,1500,789,Fast Moving,1.0,0.0,0.0,1.0,1.0
2026-01-12,week,2008,Marina Coconut Oil 350ml,Cooking Essentials,44.82857142857143,67.77777777777777,4707,1104,Fast Moving,1.0,0.0,0.0,1.0,1.0
2026-01-12,week,2012,Marina Vegetable Oil 500ml,Cooking Essentials,17.451923076923077,18.555555555555557,1815,443,Fast Moving,1.0,0.0,0.0,1.0,1.0
2026-01-12,week,2016,Fortune Coconut Oil 675ml,Cooking Essentials,19.85576923076923,31.333333333333332,2065,483,Fast Moving,1.0,0.0,0.0,1.0,1.0
2026-01-12,week,2019,Harischandra Noodles 400g,Staples & Dry Groceries,40.51428571428571,60.888888888888886,4254,1019,Fast Moving,1.0,0.0,0.0,1.0,1.0
2026-01-12,week,2020,Harischandra Noodles 400g (2minutes),Staples & Dry Groceries,32.647619047619045,48.55555555555556,3428,804,Fast Moving,1.0,0.0,0.0,1.0,1.0
2026-01-12,week,2036,Prima Instant Noodles 345g,Staples & Dry Groceries,15.509803921568627,24.77777777777778,1582,386,Fast Moving,1.0,0.0,0.0,1.0,1.0
2026-01-12,week,2045,Edinborough Tomato Sauce 405g,Cooking Essentials,41.2,68.44444444444444,4326,1039,Fast Moving,1.0,0.0,0.0,1.0,1.0
2026-01-12,week,2046,Edinborough Tomato Sauce 375g,Cooking Essentials,39.0,66.22222222222223,4095,1018,Fast Moving,1.0,0.0,0.0,1.0,1.0
2026-01-12,week,2048,Edinborough Oyster Sauce 210g,Cooking Essentials,15.96,27.88888888888889,1596,380,Fast Moving,1.0,0.0,0.0,1.0,1.0
2026-01-12,week,2056,Maggi Coconut Milk Powder 125g,Dairy & Chilled,73.2,108.55555555555556,7686,1804,Fast Moving,1.0,0.0,0.0,1.0,1.0
2026-01-12,week,2059,Renuka Coconut Milk Powder 300g,Dairy & Chilled,29.238095238095237,42.22222222222222,3070,737,Fast Moving,1.0,0.0,0.0,1.0,1.0
2026-01-12,week,2068,CocaCola 1050ml,General Grocery,17.476190476190474,20.444444444444443,1835,954,Fast Moving,1.0,0.0,0.0,1.0,1.0
2026-01-12,week,2170,Wijaya Curry Powder 50g,Cooking Essentials,33.57142857142857,57.44444444444444,3525,835,Fast Moving,1.0,0.0,0.0,1.0,1.0
2026-01-12,week,2172,Wijaya Curry Powder 250g,Cooking Essentials,43.161904761904765,49.888888888888886,4532,1028,Fast Moving,1.0,0.0,0.0,1.0,1.0
2026-01-12,week,2176,Wijaya Roasted Curry Powder 50g,Cooking Essentials,18.0873786407767,23.88888888888889,1863,430,Fast Moving,1.0,0.0,0.0,1.0,1.0
2026-01-12,week,2190,Freelan Meat Curry Powder 250g,Cooking Essentials,16.176470588235293,28.0,1650,399,Fast Moving,1.0,0.0,0.0,1.0,1.0
2026-01-12,week,2279,Araliya Premium Samba Rice 1kg,Staples & Dry Groceries,39.24761904761905,58.22222222222222,4121,998,Fast Moving,1.0,0.0,0.0,1.0,1.0
2026-01-12,week,2280,Araliya Premium Nadu Rice 1kg,Staples & Dry Groceries,46.371428571428574,49.77777777777778,4869,1098,Fast Moving,1.0,0.0,0.0,1.0,1.0
2026-01-12,week,2294,Atlas Single Ruled Book 200page,Stationery,8.74074074074074,31.666666666666668,708,366,Fast Moving,1.0,0.0,0.0,1.0,1.0
2026-01-12,week,2299,Atlas CR Book Single Ruled (80p),Stationery,4.642857142857143,12.222222222222221,390,205,Fast Moving,1.0,0.0,0.0,1.0,1.0
2026-01-12,week,2329,"Kome Rice Cracker 45g (B,B,Q)",Staples & Dry Groceries,11.904255319148936,21.22222222222222,1119,263,Fast Moving,1.0,0.0,0.0,1.0,1.0
2026-01-12,week,2344,Coconut Oil 750ml (loose),Cooking Essentials,46.97142857142857,49.55555555555556,4932,1131,Fast Moving,1.0,0.0,0.0,1.0,1.0
2026-01-12,week,2378,Zesta Tea (BOPF) 390g,Beverages,26.761904761904763,40.0,2810,1003,Fast Moving,1.0,0.0,0.0,1.0,1.0
2026-01-12,week,2393,Kist Tomato Sauce 15g,Cooking Essentials,17.166666666666668,29.88888888888889,1751,431,Fast Moving,1.0,0.0,0.0,1.0,1.0
2026-01-12,week,2401,Atlas CR Book Single Ruled (200p),Stationery,7.4186046511627906,27.333333333333332,638,314,Fast Moving,1.0,0.0,0.0,1.0,1.0
2026-01-12,week,2432,Little Lion Milky Cookies 200g,General Grocery,8.931372549019608,18.22222222222222,911,470,Fast Moving,1.0,0.0,0.0,1.0,1.0
2026-01-12,week,2456,Atlas Colour Pencils 6,Stationery,7.766233766233766,25.555555555555557,598,313,Fast Moving,1.0,0.0,0.0,1.0,1.0
2026-01-12,week,2460,Atlas Binder Glue Pen 40g,Stationery,7.406976744186046,24.666666666666668,637,334,Fast Moving,1.0,0.0,0.0,1.0,1.0
2026-01-12,week,2461,Atlas Binder Glue 40g,Stationery,6.6,23.555555555555557,561,300,Fast Moving,1.0,0.0,0.0,1.0,1.0
2026-01-12,week,2478,Ritzbury Chocolate (Peanut) 45g,Snacks & Confectionery,26.247619047619047,33.888888888888886,2756,967,Fast Moving,1.0,0.0,0.0,1.0,1.0
2026-01-12,week,2504,Atlas Max pen,Stationery,7.114942528735632,23.88888888888889,619,320,Fast Moving,1.0,0.0,0.0,1.0,1.0
2026-01-12,week,2510,Kakulu-Samba Rice 1kg,Staples & Dry Groceries,17.971153846153847,27.555555555555557,1869,462,Fast Moving,1.0,0.0,0.0,1.0,1.0
2026-01-12,week,2512,Pears Baby Soap (Aloevera) 95g,Baby & Kids,15.161904761904761,22.555555555555557,1592,896,Fast Moving,1.0,0.0,0.0,1.0,1.0
2026-01-12,week,2514,Pears Baby Oil (Olive Oil) 100ml,Baby & Kids,35.40952380952381,49.666666666666664,3718,901,Fast Moving,1.0,0.0,0.0,1.0,1.0
2026-01-12,week,2517,Sunlight Care Liquid 1L,Cleaning & Household,11.266666666666667,16.0,1183,710,Fast Moving,1.0,0.0,0.0,1.0,1.0
2026-01-12,week,2568,Atlas Pencils (Yellow),Stationery,7.175824175824176,23.88888888888889,653,340,Fast Moving,1.0,0.0,0.0,1.0,1.0
2026-01-12,week,2569,Atlas Colour Pencils,Stationery,7.869047619047619,26.88888888888889,661,335,Fast Moving,1.0,0.0,0.0,1.0,1.0
2026-01-12,week,2575,Atlas Adhesive Tape 1/2'',Stationery,8.2987012987013,27.555555555555557,639,319,Fast Moving,1.0,0.0,0.0,1.0,1.0
2026-01-12,week,2603,Rin Detergent Powder 500g,Cleaning & Household,11.647619047619047,16.0,1223,720,Fast Moving,1.0,0.0,0.0,1.0,1.0
2026-01-12,week,2669,San Remo Pasta (Penne) 500g,Staples & Dry Groceries,10.554347826086957,26.0,971,234,Fast Moving,1.0,0.0,0.0,1.0,1.0
2026-01-12,week,2713,Sera Turmeric Powder 25g,Cooking Essentials,28.123809523809523,43.77777777777778,2953,720,Fast Moving,1.0,0.0,0.0,1.0,1.0
2026-01-12,week,2736,Maldive Fish Bottle 100g,Cooking Essentials,16.77227722772277,25.333333333333332,1694,408,Fast Moving,1.0,0.0,0.0,1.0,1.0
2026-01-12,week,2832,Closeup Toothpaste 120g,Personal Care,12.076190476190476,18.77777777777778,1268,749,Fast Moving,1.0,0.0,0.0,1.0,1.0
2026-01-12,week,2861,Coconut Milk 500ml,Dairy & Chilled,44.98095238095238,46.22222222222222,4723,1105,Fast Moving,1.0,0.0,0.0,1.0,1.0
2026-01-12,week,3018,LifeBuoy Shampoo 175ml,Personal Care,12.514285714285714,16.88888888888889,1314,741,Fast Moving,1.0,0.0,0.0,1.0,1.0
2026-01-12,week,3043,Sunlight 2Bar,Cleaning & Household,15.80952380952381,17.666666666666668,1660,960,Fast Moving,1.0,0.0,0.0,1.0,1.0
2026-01-12,week,3055,Signal Toothpaste 120g,Personal Care,15.438095238095238,17.0,1621,940,Fast Moving,1.0,0.0,0.0,1.0,1.0
2026-01-12,week,3057,Signal Toothpaste 70g,Personal Care,16.257142857142856,24.444444444444443,1707,980,Fast Moving,1.0,0.0,0.0,1.0,1.0
2026-01-12,week,3060,Signal Triple Clean Adult Toothbrush,Personal Care,12.914285714285715,18.666666666666668,1356,793,Fast Moving,1.0,0.0,0.0,1.0,1.0
2026-01-12,week,3063,Ayush Toothpaste 110g,Personal Care,12.495238095238095,17.88888888888889,1312,773,Fast Moving,1.0,0.0,0.0,1.0,1.0
2026-01-12,week,3080,BabyCheramy Moisturizes & Cares Baby Shampoo 100ml,Baby & Kids,11.0,18.11111111111111,1155,682,Fast Moving,1.0,0.0,0.0,1.0,1.0
2026-01-12,week,3116,Candy Sugar 80g,Staples & Dry Groceries,28.752380952380953,41.888888888888886,3019,748,Fast Moving,1.0,0.0,0.0,1.0,1.0
2026-01-12,week,3119,Rice Flakes (Samuel's Product) 200g,Staples & Dry Groceries,18.436893203883496,29.333333333333332,1899,438,Fast Moving,1.0,0.0,0.0,1.0,1.0
2026-01-12,week,3144,GoodKnight Mosquito Coil 10Hours,General Grocery,37.02857142857143,58.111111111111114,3888,918,Fast Moving,1.0,0.0,0.0,1.0,1.0
2026-01-12,week,3155,Sunlight 2in1 500g,Cleaning & Household,11.647619047619047,17.0,1223,710,Fast Moving,1.0,0.0,0.0,1.0,1.0
2026-01-12,week,3189,Fortune RBD Coconut Oil 200ml,Cooking Essentials,28.580952380952382,38.44444444444444,3001,717,Fast Moving,1.0,0.0,0.0,1.0,1.0
2026-01-12,week,3190,Fortune Cooking Oil RBD Palm Olein 2L,Cooking Essentials,15.764705882352942,26.555555555555557,1608,395,Fast Moving,1.0,0.0,0.0,1.0,1.0
2026-01-12,week,3194,Rexona Kohomba & Turmeric Soap 80g,Personal Care,13.85576923076923,19.22222222222222,1441,839,Fast Moving,1.0,0.0,0.0,1.0,1.0
2026-01-12,week,3195,Rexona Jasmine & olive oil Soap 80g,Personal Care,31.37142857142857,52.111111111111114,3294,781,Fast Moving,1.0,0.0,0.0,1.0,1.0
2026-01-12,week,2179,Wijaya Mustard Powder 50g,Cooking Essentials,3.75,11.0,240,60,Fast Moving,0.9990324740823212,0.0007883072409890551,0.0001792186766897135,0.9990324740823212,0.9994266277028158
2026-01-12,week,2303,Atlas CR Book Square Ruled (80p),Stationery,4.9,14.777777777777779,441,223,Fast Moving,0.9904800896213782,0.00939505573487586,0.0001248546437460803,0.9904800896213782,0.9951776174888162
2026-01-12,week,2261,Sunquick  Orange Fruit Drink 200ml,Beverages,11.752475247524753,19.88888888888889,1187,404,Fast Moving,0.9849353100159051,0.01444838168150794,0.0006163083025869766,0.9849353100159051,0.992159500856659
2026-01-12,week,1904,Rin Lemon-Rose 200g,Cleaning & Household,11.352380952380953,14.666666666666666,1192,700,Fast Moving,0.9822723111086858,0.017663281058643045,6.440783267101235e-05,0.9822723111086858,0.9911039516380074
2026-01-12,week,2814,Baby Cheramy Shampoo 100ml,Baby & Kids,11.228571428571428,16.333333333333332,1179,683,Fast Moving,0.977357660067015,0.02256097185293624,8.136808004873989e-05,0.977357660067015,0.9886381459934831
2026-01-12,week,2276,T.R.M. Kekulu Rice 1kg,Staples & Dry Groceries,19.425742574257427,20.555555555555557,1962,463,Fast Moving,0.976346456735645,0.02320682059538482,0.0004467226689704367,0.976346456735645,0.9879498670333374
2026-01-12,week,2330,"Kome Rice Cracker 90G (B,B,Q)",Staples & Dry Groceries,20.89108910891089,34.0,2110,466,Fast Moving,0.9756013426434194,0.024313341266554586,8.531609002626195e-05,0.9756013426434194,0.9877580132766967
2026-01-12,week,2457,Atlas Kidz Clay 100g,Stationery,4.887640449438202,13.666666666666666,435,226,Fast Moving,0.9738965047984115,0.025890333237714547,0.00021316196387407952,0.9738965047984115,0.9868416714172688
2026-01-12,week,2877,CBL Wafer Stix 55g strawberry,Snacks & Confectionery,10.96039603960396,19.333333333333332,1107,386,Fast Moving,0.9703954019495085,0.028010349023936756,0.0015942490265548595,0.9703954019495085,0.9844005764614768
2026-01-12,week,3206,Pears Baby Cream 100ml,Baby & Kids,11.771428571428572,15.222222222222221,1236,702,Fast Moving,0.967901105208042,0.032068700741617856,3.0194050340334195e-05,0.967901105208042,0.9839354555788509
2026-01-12,week,1870,Little Lion Choco Cookies 180g,General Grocery,8.019417475728156,13.666666666666666,826,421,Fast Moving,0.9680476283831414,0.03174302979046086,0.00020934182639778661,0.9680476283831414,0.9839191432783718
2026-01-12,week,2579,Bill Book (small),Stationery,4.494252873563219,12.0,391,200,Fast Moving,0.9681794227383671,0.030169785076102688,0.0016507921855299977,0.9681794227383671,0.9832643152764184
2026-01-12,week,3180,Edinborouah Dark Soya Sauce 600ml,Cooking Essentials,14.77450980392157,21.88888888888889,1507,388,Fast Moving,0.9661337698481854,0.033853898476458096,1.2331675356602959e-05,0.9661337698481854,0.9830607190864145
2026-01-12,week,1574,Dilmah Leaf-Tea (BOPF) 100g,Beverages,9.683168316831683,17.0,978,371,Fast Moving,0.9649956002036726,0.03493457627949337,6.982351683397281e-05,0.9649956002036726,0.9824628883434192
2026-01-12,week,1119,Silicone oil 25ml,Cooking Essentials,16.8659793814433,23.11111111111111,1636,385,Fast Moving,0.9821258560669721,0.0,0.01787414393302752,0.9821258560669721,0.9821258560669721
2026-01-12,week,3150,GreenLand Sweet Corn 425g,Snacks & Confectionery,10.805825242718447,18.444444444444443,1113,413,Fast Moving,0.9641318136723117,0.03586108959967577,7.096728012582626e-06,0.9641318136723117,0.9820623584721496
2026-01-12,week,2928,Revello Dark Chocolate 100g,Snacks & Confectionery,11.73,18.555555555555557,1173,404,Fast Moving,0.9613917896804122,0.03858938060623183,1.882971335594323e-05,0.9613917896804122,0.9806864799835281
2026-01-12,week,1121,Axe oil 5ml,Cooking Essentials,15.941747572815533,27.0,1642,398,Fast Moving,0.9610269470901859,0.03859810936818716,0.0003749435416271113,0.9610269470901859,0.9803260017742794
2026-01-12,week,3187,Diva Power Liquid Detergent 1L,Cleaning & Household,15.514285714285714,18.22222222222222,1629,966,Fast Moving,0.9605965652696704,0.039395525314734704,7.909415594414602e-06,0.9605965652696704,0.9802943279270377
2026-01-12,week,2010,Marina Coconut Oil 500ml,Cooking Essentials,13.576086956521738,13.125,1249,282,Fast Moving,0.9794494653459621,0.0,0.020550534654038104,0.9794494653459621,0.9794494653459621
2026-01-12,week,2162,Wijaya Chilli Pieces 50g,Cooking Essentials,10.925531914893616,13.5,1027,243,Fast Moving,0.9602122983884223,0.03831538983492589,0.0014723117766518047,0.9602122983884223,0.9793699933058853
2026-01-12,week,1721,LankaSoy (polos curry)90g,Cooking Essentials,20.11764705882353,31.444444444444443,2052,481,Fast Moving,0.9791042141755257,0.0,0.02089578582447432,0.9791042141755257,0.9791042141755257
2026-01-12,week,2528,Ambewela Fresh Milk (Chocolate) 1L,Dairy & Chilled,8.375,12.444444444444445,871,476,Fast Moving,0.9546868452832256,0.04423057453111009,0.0010825801856642852,0.9546868452832256,0.9768021325487806
2026-01-12,week,2069,CocaCola 1.5L,General Grocery,17.695238095238096,16.88888888888889,1858,957,Fast Moving,0.9528528199368357,0.047147180063164276,0.0,0.9528528199368357,0.9764264099684178
2026-01-12,week,2141,Mini Chips (curry flavour)27g,Cooking Essentials,15.980392156862745,27.22222222222222,1630,401,Fast Moving,0.9533313217471341,0.045858450796305225,0.0008102274565613449,0.9533313217471341,0.9762605471452867
2026-01-12,week,2967,Coca-Cola 2L,Beverages,6.822222222222222,17.444444444444443,614,223,Fast Moving,0.9523902583431776,0.04743005212770797,0.00017968952911467633,0.9523902583431776,0.9761052844070316
2026-01-12,week,1670,Delmege Colouring (egg yellow)28ml,"Meat, Fish & Frozen",6.69811320754717,9.777777777777779,710,371,Fast Moving,0.9517260771501138,0.04810971717217875,0.00016420567770736858,0.9517260771501138,0.9757809357362032
2026-01-12,week,1790,Asiri Rice Flour Savoury (Onion)25g,Staples & Dry Groceries,11.539325842696629,13.75,1027,242,Fast Moving,0.9517177337022429,0.0468747853608501,0.0014074809369075912,0.9517177337022429,0.9751551263826679
2026-01-12,week,1689,Gold Hair Cream 100ml,Personal Care,6.96078431372549,10.777777777777779,710,403,Fast Moving,0.9504737287785261,0.0483588914211934,0.0011673798002805554,0.9504737287785261,0.9746531744891228
2026-01-12,week,2513,Pears Baby Soap (Venivel) 95g,Baby & Kids,11.4,14.88888888888889,1197,700,Fast Moving,0.9499906409072999,0.04882804840050631,0.0011813106921941669,0.9499906409072999,0.9744046651075531
2026-01-12,week,3034,Pears Baby Cream 50ml,Baby & Kids,11.650485436893204,15.333333333333334,1200,703,Fast Moving,0.9485851660397765,0.04975452483690086,0.0016603091233225616,0.9485851660397765,0.973462428458227
2026-01-12,week,2126,Sunlight 2in1 (Rose) 200g,Cleaning & Household,6.65,10.88888888888889,665,388,Fast Moving,0.9450457233450752,0.0543837900625264,0.0005704865923981818,0.9450457233450752,0.9722376183763384
2026-01-12,week,2952,Bun Talk Sugar Cookies,Staples & Dry Groceries,13.611650485436893,13.222222222222221,1402,321,Fast Moving,0.9452756038109247,0.0529608971429569,0.001763499046118027,0.9452756038109247,0.9717560523824031
2026-01-12,week,2013,Marina Coconut Milk 400ml,Dairy & Chilled,17.216494845360824,14.222222222222221,1670,398,Fast Moving,0.9440239177635367,0.05524911299530811,0.000726969241155186,0.9440239177635367,0.9716484742611907
2026-01-12,week,1116,7Oil,General Grocery,11.08860759493671,12.75,876,198,Fast Moving,0.9427013844298526,0.05598859444486822,0.0013100211252795502,0.9427013844298526,0.9706956816522867
2026-01-12,week,1562,Sun Silk Shampoo (King-coconut)80ML,Personal Care,16.176470588235293,17.333333333333332,1650,376,Fast Moving,0.9398952817012614,0.06006426893404356,4.044936469512266e-05,0.9398952817012614,0.9699274161682832
2026-01-12,week,1926,Bubble Detergent Powder 500g,Cleaning & Household,11.82857142857143,18.0,1242,720,Fast Moving,0.9395863582971018,0.05981350739239762,0.0006001343105005932,0.9395863582971018,0.9694931119933006
2026-01-12,week,2342,CBL Savoury Nuts Biscuits 30g,Snacks & Confectionery,10.91,17.555555555555557,1091,400,Fast Moving,0.9398604986799757,0.05924859530625747,0.000890906013767185,0.9398604986799757,0.9694847963331044
2026-01-12,week,2991,Lipton Green Tea 20Tea bag,Beverages,8.32967032967033,12.0,758,265,Fast Moving,0.9388046444638427,0.0602260771142862,0.0009692784218709289,0.9388046444638427,0.9689176830209858
2026-01-12,week,2845,Asiri Sweet Peanuts 100g,Snacks & Confectionery,12.475728155339805,21.666666666666668,1285,475,Fast Moving,0.9368683762118117,0.06308954801720988,4.2075770978758164e-05,0.9368683762118117,0.9684131502204166
2026-01-12,week,1275,Sunlight ( Lime & Orange) 115g,Cleaning & Household,15.657142857142857,15.333333333333334,1644,935,Fast Moving,0.9353464551828207,0.06451512416384739,0.00013842065333189446,0.9353464551828207,0.9676040172647443
2026-01-12,week,1915,Sunlight 2in1 (Lemon) 1kg,Cleaning & Household,16.17142857142857,16.666666666666668,1698,952,Fast Moving,0.9302354465491002,0.06970873036273809,5.582308816175156e-05,0.9302354465491002,0.9650898117304693
2026-01-12,week,2507,Mango 2B Pencil,Stationery,7.048780487804878,22.333333333333332,578,320,Fast Moving,0.9301036683941507,0.0696067229879315,0.00028960861791796073,0.9301036683941507,0.9649070298881165
2026-01-12,week,2773,Wijaya Noodles 400g,Staples & Dry Groceries,16.6,27.444444444444443,1660,402,Fast Moving,0.9294152296761637,0.07050556189645263,7.920842738396133e-05,0.9294152296761637,0.9646680106243901
2026-01-12,week,1410,Prima Tea Bun 75g,Beverages,16.685714285714287,20.555555555555557,1752,653,Fast Moving,0.9260025689317464,0.07388010705859391,0.0001173240096600921,0.9260025689317464,0.9629426224610433
2026-01-12,week,3244,Nestle Milkmaid 510g,General Grocery,7.990196078431373,14.0,815,402,Fast Moving,0.9270696042509045,0.07130940655380269,0.00162098919529331,0.9270696042509045,0.9627243075278058
2026-01-12,week,1436,Kotmale Vanilla milk 170ml,Dairy & Chilled,8.413461538461538,11.11111111111111,875,424,Fast Moving,0.9336998301915197,0.051591222086481314,0.014708947721998425,0.9336998301915197,0.9594954412347604
2026-01-12,week,1270,Lifebuoy Turmeric 100g,Cooking Essentials,19.603960396039604,24.88888888888889,1980,457,Fast Moving,0.9589200541824249,0.0005972053992004116,0.04048274041837467,0.9589200541824249,0.9592186568820251
2026-01-12,week,3058,Signal Toothpaste 160g,Personal Care,7.259615384615385,8.88888888888889,755,436,Fast Moving,0.921321986458047,0.07411055612384862,0.004567457418104749,0.921321986458047,0.9583772645199713
2026-01-12,week,1967,Edinborough Mustard Cream165g,Cooking Essentials,21.02020202020202,20.11111111111111,2081,476,Fast Moving,0.9150699747308739,0.08485692748157275,7.309778755366667e-05,0.9150699747308739,0.9574984384716603
2026-01-12,week,3085,Lovely 2Ply White Toillet Tissue,General Grocery,11.677777777777777,14.666666666666666,1051,226,Fast Moving,0.9562606465062485,0.00141856766492735,0.04232078582882389,0.9562606465062485,0.9569699303387122
2026-01-12,week,1288,Senola Soap,Personal Care,9.990384615384615,13.11111111111111,1039,621,Fast Moving,0.9126393803238678,0.08595387007687243,0.0014067495992595822,0.9126393803238678,0.9556163153623041
2026-01-12,week,2622,Baby Cheramy Baby Cologne 50ml,Baby & Kids,11.533980582524272,17.22222222222222,1188,686,Fast Moving,0.9104637834269835,0.08832922936217784,0.001206987210838963,0.9104637834269835,0.9546283981080724
2026-01-12,week,1937,Diva Fresh (Sepalika) 400g,Cleaning & Household,6.366336633663367,11.444444444444445,643,368,Fast Moving,0.9056112823408982,0.09396631177726678,0.00042240588183506536,0.9056112823408982,0.9525944382295315
2026-01-12,week,1822,CBL Sun Cracker 95g,Snacks & Confectionery,13.383838383838384,19.88888888888889,1325,488,Fast Moving,0.9289229514285655,0.04640815195977245,0.024668896611662376,0.9289229514285655,0.9521270274084518
2026-01-12,week,1808,Maliban Smart Cream Cracker 230g,Personal Care,7.826923076923077,12.555555555555555,814,476,Fast Moving,0.9036368528505869,0.09486348194613582,0.0014996652032776214,0.9036368528505869,0.9510685938236548
2026-01-12,week,2684,Rin Detergent Powder 1kg,Cleaning & Household,12.904761904761905,19.22222222222222,1355,786,Fast Moving,0.8996231664191386,0.10009782024715191,0.00027901333370949986,0.8996231664191386,0.9496720765427146
2026-01-12,week,2774,CBL Snak Cracker 260g,Snacks & Confectionery,10.085106382978724,18.333333333333332,948,324,Fast Moving,0.8953899355906496,0.10313517795992136,0.0014748864494291223,0.8953899355906496,0.9469575245706103
2026-01-12,week,1187,Baby Diaper (Softlove) 4pcs /M,Baby & Kids,10.932692307692308,13.666666666666666,1137,646,Fast Moving,0.8919435839333772,0.10483802732506015,0.0032183887415630154,0.8919435839333772,0.9443625975959073
2026-01-12,week,2782,Cinthol Lime Soap 100g,Personal Care,6.718446601941747,9.333333333333334,692,408,Fast Moving,0.889639341039643,0.10932421907038968,0.0010364398899673146,0.889639341039643,0.9443014505748378
2026-01-12,week,1891,Lifebuoy Hand Wash 200ml (Green Tea),Cleaning & Household,6.56,11.0,656,393,Fast Moving,0.8882907180336869,0.1104422492111305,0.0012670327551830174,0.8882907180336869,0.9435118426392521
2026-01-12,week,3050,Pears Bed Time BabySoap 70g,General Grocery,7.121212121212121,10.666666666666666,705,364,Fast Moving,0.8977036721099292,0.09116692761118483,0.011129400278885437,0.8977036721099292,0.9432871359155216
2026-01-12,week,1148,Sunsilk Shampoo (Black)80ml,Personal Care,6.548076923076923,9.666666666666666,681,393,Fast Moving,0.8876474646214497,0.11074057378993271,0.001611961588617922,0.8876474646214497,0.9430177515164161
2026-01-12,week,1656,Motha Icing Sugar 500g,Staples & Dry Groceries,26.132653061224488,12.875,2561,566,Fast Moving,0.8845261049392642,0.11511107386359477,0.00036282119714078193,0.8845261049392642,0.9420816418710616
2026-01-12,week,2164,Wijaya Chilli Pieces 250g,Cooking Essentials,10.978494623655914,15.0,1021,243,Fast Moving,0.8865338061073603,0.10789946487883087,0.005566729013808949,0.8865338061073603,0.9404835385467758
2026-01-12,week,2629,Prima Self Raising Flour 1kg,Staples & Dry Groceries,24.96842105263158,13.777777777777779,2372,501,Fast Moving,0.8973091755555641,0.08384844301991269,0.0188423814245233,0.8973091755555641,0.9392333970655204
2026-01-12,week,1422,Highland Milk Powder 400g,Dairy & Chilled,9.876190476190477,14.444444444444445,1037,550,Fast Moving,0.8771217312732505,0.1226336713100735,0.00024459741667612784,0.8771217312732505,0.9384385669282873
2026-01-12,week,2399,Atlas Single Ruled 1/2'',Stationery,5.079545454545454,11.777777777777779,447,224,Fast Moving,0.8725406140687698,0.1259007868208253,0.001558599110404543,0.8725406140687698,0.9354910074791825
2026-01-12,week,1998,Crunchy Peanut Butter325g,General Grocery,11.76923076923077,14.666666666666666,1224,634,Fast Moving,0.9344112841568087,0.0009483464064028103,0.06464036943678896,0.9344112841568087,0.9348854573600102
2026-01-12,week,3129,Ratthi Tea & Sugar Added Milk Mix 25g,Dairy & Chilled,16.106382978723403,16.444444444444443,1514,335,Fast Moving,0.9313179814683521,0.0007195203050291029,0.0679624982266184,0.9313179814683521,0.9316777416208667
2026-01-12,week,2862,Diamond Tuna,General Grocery,7.504854368932039,9.88888888888889,773,409,Fast Moving,0.8597976157050656,0.13742359135721738,0.002778792937717103,0.8597976157050656,0.9285094113836743
2026-01-12,week,3006,Spinner Sugar Free 250ml,Staples & Dry Groceries,27.125,24.333333333333332,2821,665,Fast Moving,0.8500817348966905,0.1494111968378111,0.000507068265498752,0.8500817348966905,0.924787333315596
2026-01-12,week,2367,Aluminium Foil 37.5sq.ft,General Grocery,15.910891089108912,26.555555555555557,1607,382,Fast Moving,0.8453455466849026,0.15462558846616467,2.8864848932648408e-05,0.8453455466849026,0.9226583409179849
2026-01-12,week,2710,Atlas Highlighter Pen (Yelo),Stationery,4.170212765957447,11.444444444444445,392,196,Fast Moving,0.8449476838123224,0.1506149325435843,0.0044373836440932245,0.8449476838123224,0.9202551500841146
2026-01-12,week,1566,Watawala Tea 400g,Beverages,10.524271844660195,12.444444444444445,1084,416,Fast Moving,0.8428640481819519,0.15418307436102358,0.00295287745702473,0.8428640481819519,0.9199555853624637
2026-01-12,week,2167,Wijaya Chilli Powder 100g,Cooking Essentials,4.846153846153846,10.8,315,74,Fast Moving,0.9130479367931186,0.013655836021155943,0.07329622718572555,0.9130479367931186,0.9198758548036965
2026-01-12,week,2194,Freelan Chilli  Powder 100g,Cooking Essentials,19.137254901960784,16.0,1952,461,Fast Moving,0.8362056219658274,0.16324414515490165,0.000550232879271231,0.8362056219658274,0.9178276945432782
2026-01-12,week,1265,Misumi Soap 90g,Personal Care,7.097087378640777,10.222222222222221,731,422,Fast Moving,0.833593227607106,0.16576505765817462,0.0006417147347188066,0.833593227607106,0.9164757564361933
2026-01-12,week,1527,E/H Ice Cream (Chocolate) 500ml,Personal Care,4.633333333333334,10.0,417,246,Fast Moving,0.8349928788506664,0.16108119263441573,0.003925928514918387,0.8349928788506664,0.9155334751678743
2026-01-12,week,2535,CBL Potato Cracker 110g,Snacks & Confectionery,11.784313725490197,19.77777777777778,1202,430,Fast Moving,0.8218538095218345,0.17752739090945224,0.0006187995687131169,0.8218538095218345,0.9106175049765606
2026-01-12,week,2029,Sera Regular Noodles 400g,Staples & Dry Groceries,14.808080808080808,16.77777777777778,1466,357,Fast Moving,0.821111759645049,0.17815255202981214,0.0007356883251385071,0.821111759645049,0.9101880356599551
2026-01-12,week,1807,Maliban Smart Cream Cracker 190g,Personal Care,6.782178217821782,11.444444444444445,685,417,Fast Moving,0.8158052574903274,0.18365159660621483,0.0005431459034578616,0.8158052574903274,0.9076310557934348
2026-01-12,week,1791,Asiri Rice Flour Savoury (Onion)80g,Staples & Dry Groceries,16.571428571428573,9.222222222222221,1508,329,Fast Moving,0.8589249916095384,0.08425223180056214,0.05682277658989965,0.8589249916095384,0.9010511075098194
2026-01-12,week,1641,MD Faluda Mix 250g,Beverages,2.5238095238095237,7.0,159,57,Fast Moving,0.8518630176396672,0.09814883914945824,0.049988143210874296,0.8518630176396672,0.9009374372143963
2026-01-12,week,3243,San Remo Penne Spaghetti 250g,General Grocery,5.3125,12.0,425,220,Fast Moving,0.8024024048344457,0.19696919224245846,0.0006284029230957708,0.8024024048344457,0.9008870009556749
2026-01-12,week,1060,P.Baby Cologne (magic) 50ml,Baby & Kids,6.594059405940594,8.333333333333334,666,372,Fast Moving,0.8030495594157221,0.19339581651756113,0.00355462406671622,0.8030495594157221,0.8997474676745026
2026-01-12,week,2055,Maggi Coconut Milk Powder 25g,Dairy & Chilled,12.690721649484535,14.625,1231,274,Fast Moving,0.8306068464751406,0.12984995873774383,0.039543194787115696,0.8306068464751406,0.8955318258440125
2026-01-12,week,1079,P. Baby Soap (Herbal) 100g,Baby & Kids,6.7254901960784315,10.0,686,387,Fast Moving,0.8151069766623684,0.16048170065781006,0.024411322679821875,0.8151069766623684,0.8953478269912735
2026-01-12,week,1626,Ritzbury Milk Chocolate 45g,Dairy & Chilled,11.504761904761905,10.0,1208,617,Fast Moving,0.7855859866174644,0.20877952657516835,0.005634486807367679,0.7855859866174644,0.8899757499050486
2026-01-12,week,2698,Kist Orange Juice 1L,Beverages,7.787234042553192,20.22222222222222,732,263,Fast Moving,0.7792206478752498,0.22002531885076565,0.0007540332739845003,0.7792206478752498,0.8892333073006327
2026-01-12,week,1900,Sunlight Care Liquid (naturals)1L,Cleaning & Household,11.276190476190477,16.333333333333332,1184,711,Fast Moving,0.7743645622014584,0.22558076891796905,5.4668880572504405e-05,0.7743645622014584,0.8871549466604429
2026-01-12,week,3146,Chandanalepa Cinnamon Ayurveda Soap 100g,Personal Care,6.67,7.111111111111111,667,397,Fast Moving,0.7679779449138048,0.22910426686936966,0.00291778821682536,0.7679779449138048,0.8825300783484896
2026-01-12,week,2135,Lanka Salt 1kg,Staples & Dry Groceries,3.8852459016393444,8.666666666666666,237,42,Fast Moving,0.773302374481084,0.21637718088504293,0.010320444633873683,0.773302374481084,0.8814909649236055
2026-01-12,week,2007,Marina Coconut Oil 200ml,Cooking Essentials,17.42391304347826,12.857142857142858,1603,347,Fast Moving,0.7896037579688602,0.18217143973624053,0.02822480229489977,0.7896037579688602,0.8806894778369805
2026-01-12,week,2204,Goraka Paste 100g,General Grocery,7.163265306122449,10.625,702,357,Fast Moving,0.7532458917801294,0.24584965342071216,0.0009044547991583191,0.7532458917801294,0.8761707184904854
2026-01-12,week,2292,Atlas Single Ruled Book 120page,Stationery,4.273809523809524,11.777777777777779,359,189,Fast Moving,0.7551794432225462,0.2392335484137261,0.0055870083637272255,0.7551794432225462,0.8747962174294092
2026-01-12,week,2499,Imorich Wonder Cone (Cooki Cream) 120ml,Personal Care,6.158415841584159,9.666666666666666,622,376,Fast Moving,0.7878791390565478,0.15372252297759642,0.05839833796585631,0.7878791390565478,0.8647404005453461
2026-01-12,week,1799,Asiri Sugar Candy 100g60,Staples & Dry Groceries,19.403846153846153,20.0,2018,494,Fast Moving,0.7267644633379357,0.27284417140512446,0.0003913652569394945,0.7267644633379357,0.8631865490404979
2026-01-12,week,3200,Pears Kokum Baby Soap 2 Pack,Baby & Kids,6.107843137254902,7.222222222222222,623,373,Fast Moving,0.7399012681077952,0.24563057428243837,0.014468157609766667,0.7399012681077952,0.8627165552490144
2026-01-12,week,2333,CBL Milk Cream Biscuits 390g,Personal Care,6.257425742574258,9.777777777777779,632,357,Fast Moving,0.7085762819417535,0.28921459037610064,0.0022091276821457656,0.7085762819417535,0.8531835771298037
2026-01-12,week,1834,Maliban Ginger Biscuit 80g,Cooking Essentials,4.396825396825397,8.6,277,67,Fast Moving,0.7611979292580264,0.1825508698443699,0.05625120089760292,0.7611979292580264,0.8524733641802114
2026-01-12,week,1569,Zesta Tea (BOPF) 100g,Beverages,12.83495145631068,17.555555555555557,1322,479,Fast Moving,0.7052929834490118,0.2942410283010024,0.000465988249986043,0.7052929834490118,0.852413497599513
2026-01-12,week,1655,Motha Icing Sugar 250g,Staples & Dry Groceries,27.610526315789475,13.571428571428571,2623,579,Fast Moving,0.7052953648349817,0.2904667803836748,0.004237854781342984,0.7052953648349817,0.850528755026819
2026-01-12,week,1419,Highland Butter (Salted) 200g,Dairy & Chilled,8.771428571428572,9.555555555555555,921,477,Fast Moving,0.7206626767063069,0.2560197131958941,0.02331761009779956,0.7206626767063069,0.848672533304254
2026-01-12,week,3164,Sunlight 2in1 (sakura Fresh) 50g,Cleaning & Household,6.99009900990099,9.555555555555555,706,387,Fast Moving,0.7023685405940047,0.2894976445234135,0.008133814882582158,0.7023685405940047,0.8471173628557114
2026-01-12,week,2570,Atlas White Board Marker,Stationery,4.595238095238095,9.777777777777779,386,195,Fast Moving,0.6971904474947052,0.2977327949969322,0.005076757508362117,0.6971904474947052,0.8460568449931712
2026-01-12,week,1647,Motha Cornflour 200g,General Grocery,10.51086956521739,11.375,967,222,Fast Moving,0.7209104918292559,0.2448747413015091,0.03421476686923514,0.7209104918292559,0.8433478624800105
2026-01-12,week,2134,Asoka Red Rice Flour 900g,Staples & Dry Groceries,12.31868131868132,11.11111111111111,1121,253,Fast Moving,0.6969179126848758,0.2916836797000936,0.011398407615030255,0.6969179126848758,0.8427597525349226
2026-01-12,week,3208,Sunsilk Damage Restore Shampoo 80ml,Personal Care,6.673076923076923,7.333333333333333,694,396,Fast Moving,0.7328304094723193,0.21931056245213937,0.04785902807554197,0.7328304094723193,0.842485690698389
2026-01-12,week,2634,Kotmale Milk With Oats 1L,Dairy & Chilled,8.137254901960784,9.0,830,435,Fast Moving,0.8227283319576016,0.03889057936783266,0.1383810886745659,0.8227283319576016,0.842173621641518
2026-01-12,week,1516,E/H Ice Cream (Chocolate) 80ml,Personal Care,6.524752475247524,8.444444444444445,659,386,Fast Moving,0.6668605269011871,0.32964491051429445,0.003494562584518265,0.6668605269011871,0.8316829821583344
2026-01-12,week,1584,Lipton Ceylonta Tea 200g,Beverages,11.673684210526316,8.25,1109,380,Fast Moving,0.7530132242088842,0.14606261193959943,0.10092416385151602,0.7530132242088842,0.8260445301786838
2026-01-12,week,2791,Revello Fruit & Nut  Chocolate 170g,Snacks & Confectionery,10.782608695652174,8.666666666666666,992,357,Fast Moving,0.7249317642278418,0.20002261677816469,0.07504561899399323,0.7249317642278418,0.8249430726169241
2026-01-12,week,2371,Cooking Oil 750ml (loose),Cooking Essentials,16.068627450980394,19.88888888888889,1639,394,Fast Moving,0.6257371558336572,0.37309936365296476,0.0011634805133779716,0.6257371558336572,0.8122868376601395
2026-01-12,week,1835,Maliban Ginger Biscuit 240g,Cooking Essentials,5.112903225806452,12.625,317,73,Fast Moving,0.8093933740092536,0.001739544542882992,0.18886708144786363,0.8093933740092536,0.8102631462806951
2026-01-12,week,2988,RichLife Mixed berry Drinking Yoghurt 180ml,Dairy & Chilled,4.741176470588235,8.444444444444445,403,206,Fast Moving,0.6553117561732649,0.30967433866526983,0.03501390516146545,0.6553117561732649,0.8101489255058998
2026-01-12,week,2737,Little Lion Lincoln Biscuit 330g,Snacks & Confectionery,12.28735632183908,9.625,1069,367,Fast Moving,0.7248805326295452,0.16822149826452046,0.10689796910593499,0.7248805326295452,0.8089912817618055
2026-01-12,week,2788,Kist Guava Nectar 1L,Beverages,2.392857142857143,6.5,134,48,Fast Moving,0.6308474774816712,0.35507871645447114,0.014073806063857833,0.6308474774816712,0.8083868357089068
2026-01-12,week,2047,Edinborough Chilli Sauce 405g,Cooking Essentials,15.950980392156863,17.11111111111111,1627,385,Fast Moving,0.6148753303927033,0.3846602249117982,0.0004644446954984551,0.6148753303927033,0.8072054428486024
2026-01-12,week,1939,Diva Fresh (Purple lotus) 60g,Cleaning & Household,6.705882352941177,9.222222222222221,684,401,Fast Moving,0.6282949038538368,0.35752808734914715,0.014177008797016498,0.6282949038538368,0.8070589475284103
2026-01-12,week,2009,Marina Coconut Oil 675ml,Cooking Essentials,22.684782608695652,12.857142857142858,2087,449,Fast Moving,0.6167626418087956,0.3784098399052367,0.004827518285967311,0.6167626418087956,0.8059675617614139
2026-01-12,week,1981,Edinborough Soya Sauce650ml,Cooking Essentials,4.596153846153846,10.166666666666666,239,49,Fast Moving,0.8046872043983635,0.0015692119679728469,0.19374358363366403,0.8046872043983635,0.8054718103823499
2026-01-12,week,2070,Sprite 250ml,Beverages,7.182795698924731,7.222222222222222,668,243,Fast Moving,0.6971739640760554,0.21100001907512714,0.09182601684881773,0.6971739640760554,0.8026739736136189
2026-01-12,week,1163,Clear Shampoo (Ice Cool)180ml,Personal Care,6.217821782178218,10.333333333333334,628,370,Fast Moving,0.5980906182457771,0.3974059769210571,0.004503404833165889,0.5980906182457771,0.7967936067063057
2026-01-12,week,2892,Cricket Ball (Atlas),Stationery,5.036144578313253,12.333333333333334,418,217,Fast Moving,0.5689329222222282,0.42904441871880367,0.0020226590589683315,0.5689329222222282,0.78345513158163
2026-01-12,week,2319,Kist Orange Nectar 1L,Beverages,2.238095238095238,7.5,141,57,Fast Moving,0.5785455562576567,0.4001165128527385,0.021337930889604534,0.5785455562576567,0.778603812684026
2026-01-12,week,1146,Sunsilk Shampoo (Coconut)80ml,Personal Care,2.6818181818181817,6.6,177,44,Fast Moving,0.6166771988293877,0.3212017060360366,0.06212109513457579,0.6166771988293877,0.777278051847406
2026-01-12,week,1477,Milkmaid 510g,General Grocery,7.387755102040816,8.777777777777779,724,376,Fast Moving,0.5590132065035082,0.43257916849653794,0.008407624999953834,0.5590132065035082,0.7753027907517771
2026-01-12,week,2397,Atlas Square Ruled 1/2'',Stationery,4.116279069767442,11.0,354,195,Fast Moving,0.6034591545998415,0.33972343357428353,0.056817411825875345,0.6034591545998415,0.7733208713869832
2026-01-12,week,2304,Atlas CR Book Square Ruled (120p),Stationery,5.3522727272727275,14.333333333333334,471,247,Fast Moving,0.5482059571152953,0.44967495356257925,0.0021190893221256445,0.5482059571152953,0.7730434338965849
2026-01-12,week,1661,Motha Jelly (Strawberry) 200g,Snacks & Confectionery,9.377551020408163,8.222222222222221,919,311,Fast Moving,0.7094522892024707,0.12349292521426465,0.16705478558326547,0.7094522892024707,0.7711987518096031
2026-01-12,week,2913,Watawala Tea 500g,Beverages,7.40625,8.777777777777779,711,236,Fast Moving,0.6511644806560803,0.23687836863152895,0.11195715071239071,0.6511644806560803,0.7696036649718448
2026-01-12,week,2104,Kandos Milk Choco 10g,Dairy & Chilled,7.801980198019802,10.444444444444445,788,406,Fast Moving,0.5340497845211035,0.46088262250834233,0.0050675929705539975,0.5340497845211035,0.7644910957752746
2026-01-12,week,2440,Verda Pasta (Elbow) 400g,Staples & Dry Groceries,3.5833333333333335,13.0,215,49,Fast Moving,0.5250917927590684,0.47275130171684504,0.0021569055240865933,0.5250917927590684,0.7614674436174909
2026-01-12,week,1153,Sunsilk Shampoo (Almond)180ml,Personal Care,6.357142857142857,6.777777777777778,623,360,Fast Moving,0.530947165639603,0.4607870290515288,0.008265805308868012,0.530947165639603,0.7613406801653674
2026-01-12,week,1077,P. Baby Soap (Babytime) 100g,Baby & Kids,5.979591836734694,7.333333333333333,586,353,Fast Moving,0.5261728622451837,0.46797476463953597,0.005852373115280263,0.5261728622451837,0.7601602445649517
2026-01-12,week,2944,Daily Banana Flavoured milk 180ml,Dairy & Chilled,7.574257425742574,9.0,765,412,Fast Moving,0.5206676170430717,0.47470029129401664,0.0046320916629114025,0.5206676170430717,0.75801776269008
2026-01-12,week,2893,CBL Super Cream Cracker 120g,Personal Care,4.894117647058824,12.0,416,250,Fast Moving,0.5188685605452538,0.47454498029076486,0.006586459163981277,0.5188685605452538,0.7561410506906362
2026-01-12,week,1989,KIST Chilli Sauce375g,Cooking Essentials,4.0,4.666666666666667,252,55,Fast Moving,0.7535151983502707,0.004412379984221331,0.24207242166550771,0.7535151983502707,0.7557213883423813
2026-01-12,week,1152,Sunsilk Shampoo (Green Tea)180ml,Personal Care,6.03960396039604,9.666666666666666,610,339,Fast Moving,0.5062768283310479,0.48916685138694915,0.004556320282002774,0.5062768283310479,0.7508602540245225
2026-01-12,week,2827,Turmeric 25g,Cooking Essentials,3.6323529411764706,8.333333333333334,247,65,Fast Moving,0.5114840552580817,0.4784887531891831,0.010027191552735218,0.5114840552580817,0.7507284318526732
2026-01-12,week,2492,Giniraja Ayurvedic Herbal Oil 30ml,Cooking Essentials,4.155172413793103,8.8,241,54,Fast Moving,0.5734713905655616,0.35163697760894824,0.07489163182548997,0.5734713905655616,0.7492898793700358
2026-01-12,week,2961,CocaCola Zero 1050ml,General Grocery,7.4,10.0,740,366,Fast Moving,0.5027056075462657,0.4892003674554701,0.00809402499826404,0.5027056075462657,0.7473057912740008
2026-01-12,week,1082,C.Baby Soap (floral)100g,Baby & Kids,7.6,8.666666666666666,760,413,Fast Moving,0.5096377032336935,0.4697360329121001,0.020626263854206295,0.5096377032336935,0.7445057196897436
2026-01-12,week,1102,Baby Milk Soap 75g,Baby & Kids,6.349514563106796,8.555555555555555,654,383,Medium Moving,0.48512507888401857,0.5131939689426668,0.0016809521733148279,0.5131939689426668,0.741722063355352
2026-01-12,week,3136,EdinBorouah Oyster Sauce 1kg,Cooking Essentials,3.292307692307692,9.625,214,50,Fast Moving,0.5365378740413147,0.40645366908713987,0.05700845687154528,0.5365378740413147,0.7397647085848846
2026-01-12,week,2746,Misumi Romansu Soap 90g,Personal Care,6.902912621359223,10.555555555555555,711,405,Medium Moving,0.47980449664607683,0.5188214273090332,0.0013740760448901037,0.5188214273090332,0.7392152103005935
2026-01-12,week,2293,Atlas Single Ruled Book 160page,Stationery,4.666666666666667,9.555555555555555,392,206,Medium Moving,0.44871060155381454,0.5441403965501345,0.00714900189605086,0.5441403965501345,0.7207807998288818
2026-01-12,week,1225,N/S Facial Wash 100ml (Carrot),Cleaning & Household,6.41747572815534,8.88888888888889,661,382,Medium Moving,0.44381595989318945,0.55005204466543,0.006131995441380533,0.55005204466543,0.7188419822259045
2026-01-12,week,1078,P. Baby Soap (Aloe/Neem) 100g,Baby & Kids,6.7254901960784315,8.5,686,395,Medium Moving,0.44258524909660946,0.5524042254288615,0.005010525474528964,0.5524042254288615,0.7187873618110402
2026-01-12,week,2191,Freelan Meat Curry Powder 20g,Cooking Essentials,3.6153846153846154,7.0,235,60,Fast Moving,0.4928192944487189,0.45099269893788413,0.05618800661339686,0.4928192944487189,0.718315643917661
2026-01-12,week,1602,Godrej Hair Colour Shampoo 10ml,Personal Care,6.594059405940594,7.555555555555555,666,380,Fast Moving,0.498706602970084,0.4357458967587863,0.06554750027112971,0.498706602970084,0.7165795513494772
2026-01-12,week,2683,Lifebuoy Shampoo 80ml,Personal Care,6.669902912621359,8.88888888888889,687,378,Medium Moving,0.4352753070758602,0.5600383772995203,0.004686315624619744,0.5600383772995203,0.7152944957256204
2026-01-12,week,3247,Maggi Coconut Milk Powder 300g,Dairy & Chilled,7.136986301369863,7.5,521,127,Fast Moving,0.5651501955569126,0.2967038291578687,0.13814597528521902,0.5651501955569126,0.713502110135847
2026-01-12,week,2678,Freelan Kurakkan Flour 200g,Staples & Dry Groceries,11.244444444444444,9.875,1012,224,Medium Moving,0.4326152092032848,0.5569801728659506,0.010404617930764633,0.5569801728659506,0.71110529563626
2026-01-12,week,2336,White Rice Flour 400g,Staples & Dry Groceries,13.23404255319149,8.0,1244,286,Fast Moving,0.5053047114338617,0.3976386154751923,0.09705667309094626,0.5053047114338617,0.7041240191714578
2026-01-12,week,2049,Mity Sesame Oil 200ml,Cooking Essentials,4.3538461538461535,8.285714285714286,283,66,Medium Moving,0.41401805181444756,0.5759068570103498,0.010075091175202765,0.5759068570103498,0.7019714803196224
2026-01-12,week,1118,Silicone oil 50ml,Cooking Essentials,3.875,6.166666666666667,248,54,Fast Moving,0.4707816255812713,0.46077970855712147,0.06843866586160705,0.4707816255812713,0.7011714798598321
2026-01-12,week,2111,Kandos Cracker Jack 45g,Snacks & Confectionery,3.403225806451613,5.833333333333333,211,71,Fast Moving,0.5696989507410148,0.2617695698644329,0.16853147939455246,0.5696989507410148,0.7005837356732313
2026-01-12,week,2841,Fortune Coconut Oil 350ml,Cooking Essentials,7.04054054054054,6.0,521,114,Fast Moving,0.6063860840337101,0.18475412550937353,0.20885979045691583,0.6063860840337101,0.6987631467883968
2026-01-12,week,1934,Diva Fresh (Jasmine) 400g,Cleaning & Household,6.4,8.666666666666666,640,372,Medium Moving,0.40106868888335456,0.5946168331929714,0.0043144779236734985,0.5946168331929714,0.6983771054798402
2026-01-12,week,1845,CBL Bourbon Biscuits 100g,Snacks & Confectionery,3.3484848484848486,8.0,221,71,Medium Moving,0.4010453317856801,0.5906539160616208,0.00830075215269923,0.5906539160616208,0.6963722898164905
2026-01-12,week,1186,Baby Diaper (Softlove) 5pcs / S,Baby & Kids,5.414141414141414,8.11111111111111,536,333,Medium Moving,0.39576766040102707,0.5986224222901702,0.005609917308802765,0.5986224222901702,0.6950788715461121
2026-01-12,week,1314,BIO Clean (Tile Cleaner) Kohomba,Cleaning & Household,6.872549019607843,8.555555555555555,701,394,Medium Moving,0.4093135678544981,0.5668361000358748,0.023850332109627104,0.5668361000358748,0.6927316178724354
2026-01-12,week,2636,Maliban Wafers Lemon Cream 90g,Personal Care,6.811881188118812,8.666666666666666,688,400,Medium Moving,0.37834117836452685,0.6194234295622498,0.0022353920732235398,0.6194234295622498,0.6880528931456518
2026-01-12,week,2593,Rathna Keeri Samba Rice 1kg,Staples & Dry Groceries,4.39344262295082,6.125,268,54,Fast Moving,0.6221819486453359,0.12481244581872054,0.2530056055359431,0.6221819486453359,0.6845881715546962
2026-01-12,week,1091,K. Baby Soap (Avocado) 90g,Baby & Kids,6.54,7.111111111111111,654,368,Medium Moving,0.3792946909469868,0.6092770724723708,0.011428236580642664,0.6092770724723708,0.6839332271831722
2026-01-12,week,1982,Edinborough Chocolate Topping270ml,Snacks & Confectionery,2.85,8.0,171,63,Medium Moving,0.37432454876939925,0.6143782870951857,0.011297164135415606,0.6143782870951857,0.6815136923169921
2026-01-12,week,1996,KVC Tomato Sauce400g,General Grocery,7.04,8.88888888888889,704,358,Medium Moving,0.3704453795774564,0.6207770288047538,0.008777591617790065,0.6207770288047538,0.6808338939798333
2026-01-12,week,2394,Gram 1kg,Staples & Dry Groceries,4.898305084745763,10.0,289,71,Medium Moving,0.36670926880319415,0.6251199432578298,0.008170787938976075,0.6251199432578298,0.679269240432109
2026-01-12,week,1276,Sunlight  (Care) 115g,Cleaning & Household,6.458333333333333,9.333333333333334,620,363,Medium Moving,0.37598554166642,0.6057406132353934,0.01827384509818648,0.6057406132353934,0.6788558482841167
2026-01-12,week,2130,Prima Pittu Flour 1kg,Staples & Dry Groceries,15.233333333333333,9.125,1371,314,Fast Moving,0.5208456152931183,0.31220292726973303,0.16695145743714887,0.5208456152931183,0.6769470789279849
2026-01-12,week,3257,MyJuicee Mango Nectar 180ml,Beverages,7.752941176470588,8.444444444444445,659,221,Medium Moving,0.42957261910391076,0.49413058103617213,0.0762967998599171,0.49413058103617213,0.6766379096219968
2026-01-12,week,1296,Vim Limes (Promo),Cleaning & Household,7.475728155339806,9.11111111111111,770,444,Medium Moving,0.364246146754577,0.6131320005187944,0.02262185272662903,0.6131320005187944,0.6708121470139742
2026-01-12,week,2205,Goraka Paste 250g,General Grocery,9.427184466019417,10.444444444444445,971,493,Medium Moving,0.34173373643840066,0.6533103880505093,0.004955875511090313,0.6533103880505093,0.6683889304636553
2026-01-12,week,1882,Dettol Hand Wash Refill (sensitive)175ml,Cleaning & Household,6.4950495049504955,9.555555555555555,656,381,Medium Moving,0.32909280521401296,0.6689506064251995,0.001956588360787476,0.6689506064251995,0.6635681084266127
2026-01-12,week,3252,Lovely Toilet Paper,Cleaning & Household,2.69811320754717,5.0,143,35,Fast Moving,0.4731737031728922,0.3798161794514153,0.14701011737569272,0.4731737031728922,0.6630817928985999
2026-01-12,week,1021,Clogard (natural salt) 120g,Staples & Dry Groceries,4.155172413793103,7.714285714285714,241,55,Fast Moving,0.4740082424427213,0.3764216357909383,0.14957012176634044,0.4740082424427213,0.6622190603381904
2026-01-12,week,2192,Freelan Curry Powder 50g,Cooking Essentials,4.580645161290323,7.5,284,63,Medium Moving,0.3949771670869035,0.5313789813666182,0.07364385154647814,0.5313789813666182,0.6606666577702126
2026-01-12,week,2609,Wijaya Pepper Powder 250g,Cooking Essentials,3.3768115942028984,8.285714285714286,233,59,Fast Moving,0.5731196779304514,0.1594530635818072,0.26742725848774157,0.5731196779304514,0.652846209721355
2026-01-12,week,2775,CBL Onion Biscuits 170g,Snacks & Confectionery,2.883116883116883,5.375,222,77,Fast Moving,0.5491781765915024,0.20392709304332982,0.2468947303651675,0.5491781765915024,0.6511417231131673
2026-01-12,week,2015,Fortune Vegetable Oil 500ml,Cooking Essentials,5.016393442622951,6.25,306,66,Medium Moving,0.3202058985437061,0.661113069816889,0.018681031639404565,0.661113069816889,0.6507624334521507
2026-01-12,week,2945,Milo Drink 125ml,Beverages,2.927536231884058,4.125,202,85,Medium Moving,0.38436083066757143,0.5251790940913983,0.09046007524103031,0.5251790940913983,0.6469503777132706
2026-01-12,week,3128,Nestle Milo 15g,Beverages,2.7,6.571428571428571,189,72,Medium Moving,0.32576956367968457,0.6360875428261457,0.0381428934941696,0.6360875428261457,0.6438133350927574
2026-01-12,week,2632,Kotmale Fresh Milk 180ml,Dairy & Chilled,5.142857142857143,5.888888888888889,468,239,Medium Moving,0.37726341860132956,0.5326491785289607,0.09008740286970998,0.5326491785289607,0.6435880078658098
2026-01-12,week,1069,P.Baby Cream (Bedtime) 100ml,Baby & Kids,6.41747572815534,7.555555555555555,661,376,Medium Moving,0.2851726279970642,0.7085860619783293,0.006241310024606413,0.7085860619783293,0.6394656589862289
2026-01-12,week,2268,Rasath jelly Pudin 80ml,Snacks & Confectionery,2.603448275862069,5.0,151,51,Fast Moving,0.45322102781382756,0.3606443212118327,0.1861346509743402,0.45322102781382756,0.6335431884197439
2026-01-12,week,2697,Ginger Cookies  175g,Cooking Essentials,4.293333333333333,4.2,322,79,Medium Moving,0.3984767304154165,0.4642421552992006,0.13728111428538312,0.4642421552992006,0.6305978080650168
2026-01-12,week,1120,Axe oil 3ml,Cooking Essentials,3.6140350877192984,7.4,206,54,Medium Moving,0.3710964962978478,0.5173093597803603,0.11159414392179152,0.5173093597803603,0.6297511761880279
2026-01-12,week,2132,Prima Family Flour 1kg,Staples & Dry Groceries,3.0357142857142856,5.571428571428571,170,45,Medium Moving,0.39948424251946296,0.4513831015517845,0.14913265592875244,0.4513831015517845,0.6251757932953552
2026-01-12,week,2273,Highland Dairy Ice Cream (butter scotch)1L,Personal Care,6.445544554455446,6.222222222222222,651,391,Medium Moving,0.2538892902664363,0.7387475543646906,0.007363155368872772,0.7387475543646906,0.6232630674487816
2026-01-12,week,3052,Pears Bee's Honey BabySoap 70g,General Grocery,8.27450980392157,9.88888888888889,844,417,Medium Moving,0.2530250782662829,0.739248100432921,0.007726821300796308,0.739248100432921,0.6226491284827433
2026-01-12,week,1653,Motha Wattalappan (Pudding mix)110g,Snacks & Confectionery,8.565217391304348,7.666666666666667,788,261,Fast Moving,0.46519925718516497,0.3143072923413171,0.22049345047351743,0.46519925718516497,0.6223529033558235
2026-01-12,week,2645,Plaza Canned Fish 425g,"Meat, Fish & Frozen",7.862745098039215,7.666666666666667,802,410,Medium Moving,0.24856355196929608,0.7453277392582341,0.006108708772470171,0.7453277392582341,0.6212274215984132
2026-01-12,week,2340,CBL Onion Biscuits 30g,Snacks & Confectionery,2.984126984126984,4.0,188,69,Medium Moving,0.40563239370650744,0.43109733419911556,0.163270272094377,0.43109733419911556,0.6211810608060653
2026-01-12,week,3112,Bag (Baby size),Baby & Kids,5.901960784313726,7.333333333333333,602,354,Medium Moving,0.39076339108012653,0.46057046441880417,0.14866614450106944,0.46057046441880417,0.6210486232895286
2026-01-12,week,1857,CBL Chocolate Chip Cookies 100g,Snacks & Confectionery,2.782608695652174,4.166666666666667,192,81,Fast Moving,0.524386584195676,0.19038408554154557,0.28522933026277875,0.524386584195676,0.6195786269664487
2026-01-12,week,2341,CBL Cheese Buttons Biscuits 30g,Dairy & Chilled,2.196969696969697,3.8333333333333335,145,72,Medium Moving,0.3709536822536926,0.4952514703506786,0.13379484739562839,0.4952514703506786,0.6185794174290319
2026-01-12,week,2181,Wijaya Mustard Seeds 100g,Cooking Essentials,4.014285714285714,3.0,281,61,Medium Moving,0.3969656189419907,0.4378759477309466,0.16515843332706243,0.4378759477309466,0.6159035928074641
2026-01-12,week,2323,Kist Mixed Fruit Nectar 200ml,Beverages,6.177777777777778,6.444444444444445,556,205,Medium Moving,0.3564121295743959,0.5174917701419008,0.12609610028370272,0.5174917701419008,0.6151580146453464
2026-01-12,week,2453,Prima Swiss Roll (Coffee) 225g,Beverages,3.2115384615384617,5.833333333333333,167,55,Fast Moving,0.4200595223530092,0.38878023455100413,0.1911602430959865,0.4200595223530092,0.6144496396285113
2026-01-12,week,2171,Wijaya Curry Powder 100g,Cooking Essentials,16.560439560439562,12.875,1507,351,Medium Moving,0.23123400591371923,0.7601740466928116,0.00859194739346932,0.7601740466928116,0.611321029260125
2026-01-12,week,1587,Harischandra Coffee 20g,Beverages,2.791044776119403,5.833333333333333,187,65,Medium Moving,0.3093249332919061,0.6017057746850288,0.08896929202306508,0.6017057746850288,0.6101778206344205
2026-01-12,week,2263,Kist Green Apple Juice 1L,Beverages,2.466666666666667,4.428571428571429,148,55,Fast Moving,0.42849504850357106,0.35950824444519713,0.21199670705123186,0.42849504850357106,0.6082491707261697
2026-01-12,week,1115,Nerralu Hiar oil 100ml,Cooking Essentials,3.6825396825396823,5.75,232,51,Fast Moving,0.4505077362201324,0.3151083202848477,0.2343839434950198,0.4505077362201324,0.6080618963625563
2026-01-12,week,1426,Ambewela Fresh Milk (vanilla) 1L,Dairy & Chilled,5.447916666666667,5.777777777777778,523,276,Medium Moving,0.2186878461050201,0.7756428756220825,0.0056692782728973495,0.7756428756220825,0.6065092839160613
2026-01-12,week,2561,Edinborough Fish Sauce 190ml,Cooking Essentials,4.04,5.6,202,52,Medium Moving,0.33674331101371746,0.5370967318952756,0.12615995709100644,0.5370967318952756,0.6052916769613552
2026-01-12,week,2592,Sunquick Mixed Fruit Drink 200ml,Beverages,9.137931034482758,9.222222222222221,795,276,Medium Moving,0.267115334070485,0.6760712493594324,0.05681341657008258,0.6760712493594324,0.6051509587502012
2026-01-12,week,2784,Kist Aloevera Drink 500ml,Beverages,7.804347826086956,10.444444444444445,718,264,Medium Moving,0.21479413225551103,0.7747971105411977,0.010408757203291968,0.7747971105411977,0.6021926875261099
2026-01-12,week,1639,MD Baking powder 50g,General Grocery,6.869047619047619,4.666666666666667,577,293,Medium Moving,0.3054342732328201,0.5926220277003448,0.10194369906683501,0.5926220277003448,0.6017452870829925
2026-01-12,week,2321,Kist Apple Nectar 500ml,Beverages,2.7241379310344827,4.571428571428571,158,57,Medium Moving,0.3330586446902182,0.5371849118300714,0.1297564434797102,0.5371849118300714,0.6016511006052538
2026-01-12,week,2072,Sprite 1050ml,Beverages,3.3636363636363638,4.375,222,74,Medium Moving,0.32982293604507174,0.5433200756269668,0.1268569883279617,0.5433200756269668,0.6014829738585552
2026-01-12,week,1098,Rathmal Baby Soap 75g,Baby & Kids,6.623762376237623,8.0,669,378,Medium Moving,0.21070545932745785,0.7814198855840379,0.007874655088504405,0.7814198855840379,0.6014154021194767
2026-01-12,week,1253,Chandanalepa Herbal Cream 12g,Personal Care,6.621359223300971,8.11111111111111,682,386,Medium Moving,0.20944707165544177,0.7835708790006521,0.006982049343905705,0.7835708790006521,0.6012325111557678
2026-01-12,week,2536,CBL Snak Cracker Biscuits 30g,Snacks & Confectionery,7.956989247311828,6.888888888888889,740,262,Medium Moving,0.24629445974079295,0.708227791636508,0.045477748622699585,0.708227791636508,0.6004083555590469
2026-01-12,week,2871,Bottled Drinking Water 1500ml,Beverages,2.4193548387096775,5.857142857142857,150,53,Medium Moving,0.26736922488485604,0.6607348020646066,0.07189597305053716,0.6607348020646066,0.5977366259171593
2026-01-12,week,1499,Tiara Layer Cake (Vanilla)480g,Snacks & Confectionery,7.863636363636363,6.555555555555555,692,225,Medium Moving,0.23278690365870347,0.7297318748196823,0.03748122152161446,0.7297318748196823,0.5976528410685447
2026-01-12,week,1706,Clogard (Natural-Salt)40g,Staples & Dry Groceries,3.6,6.75,216,54,Fast Moving,0.41757631416885405,0.3579814097117111,0.2244422761194348,0.41757631416885405,0.5965670190247097
2026-01-12,week,2096,Elephant House Ginger Beer 500ml,Cooking Essentials,4.055555555555555,5.5,219,56,Medium Moving,0.31180450167025303,0.565788862948811,0.1224066353809356,0.565788862948811,0.5946989331446586
2026-01-12,week,1571,Zesta Tea Bags25(BOPF),Beverages,2.486111111111111,4.875,179,66,Fast Moving,0.4450657673792627,0.2923407923952915,0.2625934402254459,0.4450657673792627,0.5912361635769084
2026-01-12,week,1992,Edinborough Coconut Vinegar750ml,Cooking Essentials,2.7142857142857144,3.888888888888889,171,45,Medium Moving,0.36419540231490166,0.4526947768370471,0.18310982084805097,0.4526947768370471,0.5905427907334252
2026-01-12,week,2137,Lanka Table Salt 400g,Staples & Dry Groceries,2.707692307692308,3.5,176,47,Fast Moving,0.45252493100306185,0.2741983473818217,0.27327672161511674,0.45252493100306185,0.5896241046939728
2026-01-12,week,2025,San Remo Pasta (Spirals) 500g,Staples & Dry Groceries,3.6451612903225805,5.75,226,53,Fast Moving,0.40216158443870087,0.3725915331986582,0.225246882362641,0.40216158443870087,0.58845735103803
2026-01-12,week,2235,Siddhalepa Castor Oil 30ml,Health & Medicine,1.525,2.2,61,15,Fast Moving,0.5866348083498465,0.0,0.41336519165015373,0.5866348083498465,0.5866348083498465
2026-01-12,week,2691,Maliban milk Powder 60g,Dairy & Chilled,5.617977528089888,5.333333333333333,500,250,Medium Moving,0.30900177451736993,0.5521655227528506,0.13883270272977963,0.5521655227528506,0.5850845358937953
2026-01-12,week,1430,Daily Vanilla milk 180ml,Dairy & Chilled,4.78125,5.555555555555555,459,235,Medium Moving,0.3398322441920828,0.4876071190676387,0.17256063674027847,0.4876071190676387,0.5836358037259022
2026-01-12,week,2051,Motha Jelly (apple)200g,Snacks & Confectionery,8.076923076923077,6.555555555555555,735,247,Medium Moving,0.17235744314975393,0.8216427054713571,0.0059998513788889095,0.8216427054713571,0.5831787958854324
2026-01-12,week,1986,KIST Tomato Sauce 2L,Cooking Essentials,2.3333333333333335,6.5,133,37,Medium Moving,0.18154290469487086,0.7961684096580856,0.022288685647043564,0.7961684096580856,0.5796271095239136
2026-01-12,week,2277,Ruby Supiri White Rice 1kg,Staples & Dry Groceries,14.423529411764706,6.888888888888889,1226,247,Medium Moving,0.32496983248694056,0.5087148630067366,0.16631530450632268,0.5087148630067366,0.5793272639903089
2026-01-12,week,2544,Link Kesha Hair Oil (Classic)100ml,Personal Care,3.5762711864406778,8.25,211,52,Fast Moving,0.46430730355049277,0.2272038807296105,0.3084888157198966,0.46430730355049277,0.577909243915298
2026-01-12,week,2515,Lifebuoy Hand Wash(Total-10)180ml,Cleaning & Household,4.150537634408602,5.222222222222222,386,219,Medium Moving,0.2447738156173569,0.6659424889536834,0.08928369542895968,0.6659424889536834,0.5777450600941986
2026-01-12,week,1553,Maliban Tea (Kahata-Poronduwa)50g,Beverages,3.253731343283582,5.857142857142857,218,76,Medium Moving,0.34103505910973,0.4713475806461648,0.18761736024410516,0.4713475806461648,0.5767088494328123
2026-01-12,week,2668,Fortune Vegetable Oil 1L,Cooking Essentials,4.388888888888889,6.444444444444445,316,61,Medium Moving,0.23772047133535038,0.6766709266531451,0.0856086020115049,0.6766709266531451,0.576055934661923
2026-01-12,week,2442,Verda Pasta (Spirals) 400g,Staples & Dry Groceries,3.7142857142857144,5.375,234,50,Medium Moving,0.35320061829235533,0.44189086173222397,0.20490851997542084,0.44189086173222397,0.5741460491584673
2026-01-12,week,2840,Sunflower Oil 1L,Cooking Essentials,5.0,7.6,295,61,Medium Moving,0.2502323250086852,0.6428946485922401,0.1068730263990747,0.6428946485922401,0.5716796493048053
2026-01-12,week,1969,Edinborough Mustard Cream695g,Cooking Essentials,4.579710144927536,6.0,316,76,Medium Moving,0.15403747617880753,0.8322182074739022,0.013744316347290123,0.8322182074739022,0.5701465799157586
2026-01-12,week,2837,Kumarika Shampoo 40ml,Personal Care,6.117647058823529,7.222222222222222,624,369,Medium Moving,0.14508806451998957,0.8462647533819861,0.008647182098024097,0.8462647533819861,0.5682204412109826
2026-01-12,week,1823,CBL Sun Cracker (Salt & Pepper)95g,Staples & Dry Groceries,5.055555555555555,7.111111111111111,364,84,Medium Moving,0.16200273963058268,0.811259140934508,0.026738119434909228,0.811259140934508,0.5676323100978367
2026-01-12,week,2197,Freelan Dhall Curry Mix 50g,Cooking Essentials,3.828125,6.8,245,67,Medium Moving,0.1353875378194886,0.856508670086568,0.008103792093943525,0.856508670086568,0.5636418728627726
2026-01-12,week,1652,Motha Caramel (Pudding mix) 100g,Snacks & Confectionery,2.727272727272727,3.25,180,61,Fast Moving,0.46299569297795484,0.20092347013575568,0.3360808368862896,0.46299569297795484,0.5634574280458327
2026-01-12,week,2560,Edinborough Corn Flour 500g,Staples & Dry Groceries,4.362068965517241,5.166666666666667,253,56,Medium Moving,0.2843152294519626,0.5497253828374464,0.16595938771059057,0.5497253828374464,0.5591779208706857
2026-01-12,week,3256,Gram Flour 200g,Staples & Dry Groceries,4.068965517241379,5.142857142857143,236,50,Medium Moving,0.14659819836843824,0.8114319927188812,0.04196980891268105,0.8114319927188812,0.5523141947278789
2026-01-12,week,2028,Sera Festive Noodles 325g,Staples & Dry Groceries,3.1379310344827585,5.666666666666667,182,47,Medium Moving,0.2702836563615354,0.5637191210193049,0.16599722261915964,0.5637191210193049,0.5521432168711878
2026-01-12,week,2443,Heins Tuna Flakes in s/f oil 185g,Cooking Essentials,3.4838709677419355,4.285714285714286,216,50,Medium Moving,0.28998463744547937,0.5236166904097781,0.18639867214474243,0.5236166904097781,0.5517929826503685
2026-01-12,week,1136,Glow & Handsome Cream 25g,Personal Care,1.2391304347826086,2.75,57,25,Fast Moving,0.5495764016636234,0.003502335929442345,0.4469212624069343,0.5495764016636234,0.5513275696283446
2026-01-12,week,3165,Rin Rose 50g,Cleaning & Household,4.540229885057471,5.375,395,223,Fast Moving,0.4706199903350462,0.16098927159430074,0.3683907380706532,0.4706199903350462,0.5511146261321965
2026-01-12,week,2203,Turmeric Paste 50g,Cooking Essentials,4.65,7.375,279,63,Medium Moving,0.15719292148102593,0.7832196763509814,0.059587402167992555,0.7832196763509814,0.5488027596565166
2026-01-12,week,3242,San Remo Elbows Pasta 250g,Staples & Dry Groceries,3.574074074074074,5.0,193,46,Medium Moving,0.20903388867310438,0.6699297070520108,0.12103640427488442,0.6699297070520108,0.5439987421991098
2026-01-12,week,2006,Marina Sun Flower Oil 1L,Cooking Essentials,4.565217391304348,6.285714285714286,315,82,Medium Moving,0.10888847068663261,0.8699497705607615,0.02116175875260648,0.8699497705607615,0.5438633559670134
2026-01-12,week,1335,Teepol Dishwash Gel (Lime) 500ml,General Grocery,7.4423076923076925,7.555555555555555,774,393,Medium Moving,0.08967300048183825,0.9071324417199578,0.003194557798204103,0.9071324417199578,0.5432392213418171
2026-01-12,week,2724,Chocolate Coated Cookies 100g,Snacks & Confectionery,3.4342105263157894,7.375,261,79,Medium Moving,0.10005390101818054,0.8859034482442691,0.01404265073755047,0.8859034482442691,0.5430056251403151
2026-01-12,week,2689,CBL Wafer Stix 20g,Snacks & Confectionery,2.754385964912281,4.0,157,60,Fast Moving,0.4511622825606758,0.18333788968170248,0.36549982775762163,0.4511622825606758,0.542831227401527
2026-01-12,week,1797,Asiri Cassava Chips 50g,Snacks & Confectionery,2.4918032786885247,5.2,152,51,Medium Moving,0.09475148220256971,0.8939922145358656,0.011256303261564772,0.8939922145358656,0.5417475894705025
2026-01-12,week,3062,Ayush Toothpaste 30g,Personal Care,6.359223300970874,6.888888888888889,655,399,Medium Moving,0.0950950030221777,0.8863987568935171,0.018506240084305032,0.8863987568935171,0.5382943814689363
2026-01-12,week,2278,Araliya Premium Keeri Samba Rice 1kg,Staples & Dry Groceries,4.458333333333333,5.285714285714286,321,76,Medium Moving,0.23178154667450548,0.6114548405133291,0.15676361281216558,0.6114548405133291,0.53750896693117
2026-01-12,week,3059,Signal Clove & Ginger Toothpaste 120g,Personal Care,6.470588235294118,7.777777777777778,660,385,Medium Moving,0.09175709962723516,0.8845988872016775,0.023644013171087393,0.8845988872016775,0.5340565432280739
2026-01-12,week,2617,Diva Fresh (Sepalika & Lime) 1kg,Cleaning & Household,3.9186046511627906,5.833333333333333,337,207,Medium Moving,0.08941332849743289,0.8858168405365128,0.02476983096605469,0.8858168405365128,0.5323217487656893
2026-01-12,week,1704,Kumarika Hair Oil 100ml,Personal Care,3.1296296296296298,6.666666666666667,169,40,Medium Moving,0.0799844358019115,0.9044540420897021,0.015561522108386329,0.9044540420897021,0.5322114568467626
2026-01-12,week,1987,KIST Tomato Sauce 4L,Cooking Essentials,3.58,5.4,179,43,Medium Moving,0.24104861644163267,0.5778310120389475,0.1811203715194201,0.5778310120389475,0.5299641224611065
2026-01-12,week,2076,Fanta 1.5ml,Beverages,2.5142857142857142,5.0,176,61,Medium Moving,0.13310958391404254,0.7928688150302409,0.07402160105571656,0.7928688150302409,0.529543991429163
2026-01-12,week,2175,Wijaya Pepper Powder 100g,Cooking Essentials,4.323943661971831,4.0,307,72,Medium Moving,0.20795793024913165,0.6417971059875466,0.1502449637633218,0.6417971059875466,0.5288564832429049
2026-01-12,week,2860,Marvel Baby Diapers,Baby & Kids,6.145631067961165,7.0,633,367,Medium Moving,0.20606341640281525,0.6447959447026165,0.14914063889456883,0.6447959447026165,0.5284613887541235
2026-01-12,week,2257,Water (Nature's)1500ml,Beverages,2.75,5.25,154,55,Medium Moving,0.34587117640429554,0.3613420002294582,0.29278682336624656,0.3613420002294582,0.5265421765190247
2026-01-12,week,2140,Mini Chips (tomato flavour)27g,Snacks & Confectionery,2.6481481481481484,6.75,143,48,Fast Moving,0.41141612468054095,0.22892180120807068,0.3596620741113883,0.41141612468054095,0.5258770252845762
2026-01-12,week,1044,Baby Cheramy Oil 50ml,Baby & Kids,2.326530612244898,5.25,114,27,Medium Moving,0.20693657890836867,0.6372161882342106,0.1558472328574209,0.6372161882342106,0.5255446730254739
2026-01-12,week,3148,Fontana Tomato Juice 1L,Beverages,2.982456140350877,3.8333333333333335,170,58,Medium Moving,0.16040053151547282,0.7298916228874304,0.10970784559709668,0.7298916228874304,0.525346342959188
2026-01-12,week,2825,Kurakkan Cracker 100g,Staples & Dry Groceries,4.815384615384615,7.444444444444445,313,72,Medium Moving,0.0947534136906857,0.8576324420295894,0.04761414427972462,0.8576324420295894,0.5235696347054805
2026-01-12,week,2196,Freelan Chilli  Pieces 100g,Cooking Essentials,4.514705882352941,5.333333333333333,307,64,Fast Moving,0.44944296535659695,0.1479064334099791,0.4026506012334236,0.44944296535659695,0.5233961820615864
2026-01-12,week,2326,Kist Mango Nectar 200ml,Beverages,2.7903225806451615,4.875,173,64,Medium Moving,0.22212672222846602,0.6004393277424702,0.1774339500290638,0.6004393277424702,0.5223463860997011
2026-01-12,week,2906,Kotmale Butter 125g,Dairy & Chilled,5.352941176470588,4.375,455,228,Fast Moving,0.36414537424782617,0.3072964022296074,0.3285582235225666,0.36414537424782617,0.5177935753626299
2026-01-12,week,2174,Wijaya Pepper Powder 50g,Cooking Essentials,3.6056338028169015,3.7142857142857144,256,62,Medium Moving,0.1668766979847647,0.7005845047238549,0.13253879729138013,0.7005845047238549,0.5171689503466922
2026-01-12,week,1850,CBL Hawaian Cookies 100g,General Grocery,4.271739130434782,7.555555555555555,393,201,Medium Moving,0.18059215617474336,0.6695879797563724,0.1498198640688844,0.6695879797563724,0.5153861460529295
2026-01-12,week,1968,Edinborough Mustard Cream350g,Cooking Essentials,3.6621621621621623,3.5714285714285716,271,70,Medium Moving,0.2141554792186441,0.594083953383063,0.1917605673982925,0.594083953383063,0.5111974559101756
2026-01-12,week,2808,Maliban Cracker Thins 190g,Snacks & Confectionery,3.141025641025641,6.428571428571429,245,93,Medium Moving,0.18021814061788796,0.660246918654119,0.15953494072799304,0.660246918654119,0.5103415999449474
2026-01-12,week,1660,Motha Jelly (Strawberry) 100g,Snacks & Confectionery,2.6,4.8,156,60,Medium Moving,0.10136430134572075,0.8025008336102311,0.09613486504404802,0.8025008336102311,0.5026147181508362
2026-01-12,week,2332,CBL Chocolate Marie 200g,Snacks & Confectionery,3.2711864406779663,3.8333333333333335,193,56,Fast Moving,0.3694954006889114,0.262963814154606,0.36754078515648253,0.3694954006889114,0.5009773077662144
2026-01-12,week,1439,Kotmale Cheese wedges 120g,Dairy & Chilled,1.3448275862068966,4.5,78,41,Medium Moving,0.0,1.0,0.0,1.0,0.5
2026-01-12,week,1506,E/H Wonder Bar (Chocolate),Snacks & Confectionery,3.0327868852459017,5.428571428571429,185,60,Medium Moving,0.0,1.0,0.0,1.0,0.5
2026-01-12,week,1511,E/H Choco Knight,General Grocery,1.1891891891891893,4.0,44,19,Medium Moving,0.0,1.0,0.0,1.0,0.5
2026-01-12,week,1539,Flora Fat Spread 250g,General Grocery,1.1333333333333333,7.0,34,13,Medium Moving,0.0,1.0,0.0,1.0,0.5
2026-01-12,week,1558,Dreamron Conditioner 200ml,Personal Care,1.4081632653061225,3.0,69,38,Medium Moving,0.0,1.0,0.0,1.0,0.5
2026-01-12,week,1573,Zesta Tea Bags 100(BOPF),Beverages,1.7777777777777777,3.0,96,40,Medium Moving,0.0,1.0,0.0,1.0,0.5
2026-01-12,week,1664,Motha Jelly (Strawberry) 500g,Snacks & Confectionery,3.0892857142857144,6.0,173,53,Medium Moving,0.0,1.0,0.0,1.0,0.5
2026-01-12,week,1816,SCAN Jumbo Peanut (Chilli)80g,Cooking Essentials,3.3692307692307693,5.25,219,53,Medium Moving,0.0,1.0,0.0,1.0,0.5
2026-01-12,week,1840,Maliban Chocolate Puff 100g,Snacks & Confectionery,2.2333333333333334,4.5,134,52,Medium Moving,0.0,1.0,0.0,1.0,0.5
2026-01-12,week,1958,MD Tomato Sauce 400g,Cooking Essentials,3.6,6.6,198,48,Medium Moving,0.0,1.0,0.0,1.0,0.5
2026-01-12,week,2242,Siddhalepa Pinda Oil 30ml,Health & Medicine,2.234042553191489,6.0,105,25,Medium Moving,0.0,1.0,0.0,1.0,0.5
2026-01-12,week,2541,Rancrips Potato Chips(Lightly sea salted),Snacks & Confectionery,2.716666666666667,4.0,163,57,Medium Moving,0.0,1.0,0.0,1.0,0.5
2026-01-12,week,2597,Kellogg's Corn Flakes 250g,General Grocery,0.7446808510638298,3.0,35,19,Medium Moving,0.0,1.0,0.0,1.0,0.5
2026-01-12,week,2598,Kellogg's Chocos 250g,General Grocery,0.8292682926829268,4.0,34,14,Medium Moving,0.0,1.0,0.0,1.0,0.5
2026-01-12,week,2665,Pure Dale Kirithe 400g,General Grocery,1.2432432432432432,3.0,46,22,Medium Moving,0.0,1.0,0.0,1.0,0.5
2026-01-12,week,2778,Mars Bars 51g,General Grocery,1.0,4.0,49,20,Medium Moving,0.0,1.0,0.0,1.0,0.5
2026-01-12,week,2785,Kist Aloevera Drink  200ml,Beverages,2.3870967741935485,5.166666666666667,148,54,Medium Moving,0.0,1.0,0.0,1.0,0.5
2026-01-12,week,2843,Maliban Cracker Thins 95g,Snacks & Confectionery,3.7586206896551726,4.875,218,68,Medium Moving,0.0,1.0,0.0,1.0,0.5
2026-01-12,week,2927,Revello Dark Chocolate 50g,Snacks & Confectionery,2.310344827586207,4.25,134,53,Medium Moving,0.0,1.0,0.0,1.0,0.5
2026-01-12,week,2958,Little Lion Chocolate Cake,Snacks & Confectionery,2.5517241379310347,5.0,148,54,Medium Moving,0.0,1.0,0.0,1.0,0.5
2026-01-12,week,3093,Delmege Soya Cuttlefish Flavour 90g,Cooking Essentials,2.5454545454545454,4.8,168,41,Medium Moving,0.0,1.0,0.0,1.0,0.5
2026-01-12,week,3104,Janet Green Garden Deodorant 30ml,General Grocery,0.5777777777777777,3.0,26,15,Medium Moving,0.0,1.0,0.0,1.0,0.5
2026-01-12,week,3193,Vim Liquid 500ml,Cleaning & Household,4.123595505617978,5.333333333333333,367,218,Medium Moving,0.0,1.0,0.0,1.0,0.5
2026-01-12,week,3203,Clear Women Ice Cool Menthol 180ml,General Grocery,0.8048780487804879,3.5,33,17,Medium Moving,0.0,1.0,0.0,1.0,0.5
2026-01-12,week,3099,Candles 8pcs Large star,General Grocery,0.4473684210526316,4.0,17,8,Medium Moving,0.0,0.9991113751762722,0.0008886248237277564,0.9991113751762722,0.4995556875881361
2026-01-12,week,1459,Ratthi Milk Powder 400g,Dairy & Chilled,2.34375,3.4285714285714284,150,70,Medium Moving,0.24192830070316765,0.5077246599353237,0.25034703936150837,0.5077246599353237,0.4957906306708295
2026-01-12,week,1568,Zesta Tea (BOPF)  50g,Beverages,3.2295081967213113,6.0,197,62,Medium Moving,0.3067053711745193,0.37370165993408966,0.3195929688913911,0.37370165993408966,0.4935562011415641
2026-01-12,week,2895,Harischandra Coffee (200g),Beverages,3.161290322580645,4.0,196,66,Medium Moving,0.2761709038299877,0.42947049355727257,0.29435860261273966,0.42947049355727257,0.49090615060862397
2026-01-12,week,2180,Wijaya Mustard Seeds 50g,Cooking Essentials,4.566666666666666,4.666666666666667,274,60,Slow Moving,0.3621744047776828,0.25571302530452483,0.38211256991779224,0.38211256991779224,0.4900309174299452
2026-01-12,week,2594,CBL Wafers (Chocolate) 400g,Snacks & Confectionery,2.235294117647059,4.0,152,59,Medium Moving,0.22027356301844134,0.5386817442095713,0.24104469277198734,0.5386817442095713,0.489614435123227
2026-01-12,week,1517,E/H Ice Cream (Vanilla) 80ml,Personal Care,4.488095238095238,4.222222222222222,377,220,Medium Moving,0.0,0.9741673609248425,0.025832639075157565,0.9741673609248425,0.48708368046242123
2026-01-12,week,1645,Motha Baking Powder 100g,General Grocery,10.255813953488373,4.625,882,457,Medium Moving,0.1937753119042274,0.5825843237513222,0.22364036434445084,0.5825843237513222,0.48506747377988846
2026-01-12,week,2914,Sameera Biscuit powder,Snacks & Confectionery,3.169230769230769,5.666666666666667,206,86,Medium Moving,0.08777654681078809,0.7926193151195915,0.11960413806962047,0.7926193151195915,0.4840862043705838
2026-01-12,week,2404,Maggi Daiya (Chilli Chicken)76g,Cooking Essentials,3.7884615384615383,6.8,197,53,Medium Moving,0.13227603850205588,0.7024123956764332,0.16531156582150983,0.7024123956764332,0.4834822363402725
2026-01-12,week,2260,Kizz Apple Drink 215ml,Beverages,2.4838709677419355,3.2857142857142856,154,57,Medium Moving,0.19223263724753395,0.5821764711794583,0.22559089157300796,0.5821764711794583,0.4833208728372631
2026-01-12,week,2238,Siddhalepa Batu Oil 30ml,Health & Medicine,1.7173913043478262,3.6666666666666665,79,15,Medium Moving,0.13109728120865596,0.7029600124991034,0.16594270629224084,0.7029600124991034,0.4825772874582077
2026-01-12,week,2074,Fanta 1050ml,Beverages,3.018867924528302,5.0,160,53,Medium Moving,0.29240225435817413,0.37994434144061484,0.32765340420121125,0.37994434144061484,0.48237442507848155
2026-01-12,week,2439,Verda Pasta (Penne Rigate) 400g,Staples & Dry Groceries,3.901639344262295,8.125,238,56,Slow Moving,0.3583800892547543,0.24612467561313703,0.3954952351321088,0.3954952351321088,0.4814424270613228
2026-01-12,week,1856,CBL Kalo Biscuits 90g,Snacks & Confectionery,3.4393939393939394,4.714285714285714,227,80,Medium Moving,0.17200616147638978,0.616995809677401,0.2109980288462088,0.616995809677401,0.48050406631509024
2026-01-12,week,2922,StixRolled Wafer(Chocolate 100g),Snacks & Confectionery,2.9420289855072466,4.6,203,68,Medium Moving,0.11213709077972832,0.7366461046410281,0.15121680457924327,0.7366461046410281,0.4804601431002424
2026-01-12,week,2017,Turkey Cooking Oil 1L,Cooking Essentials,10.24468085106383,6.375,963,242,Medium Moving,0.057150897634395584,0.8442640642237301,0.09858503814187432,0.8442640642237301,0.47928292974626063
2026-01-12,week,2722,Chocolate Fingers 27g,Snacks & Confectionery,2.875,4.2,184,63,Medium Moving,0.12775783334981028,0.6969762732882014,0.17526589336198833,0.6969762732882014,0.476245969993911
2026-01-12,week,1980,Edinborough Soya Sauce100ml,Cooking Essentials,3.716666666666667,3.5555555555555554,223,53,Slow Moving,0.306088202998331,0.339910410457637,0.35400138654403224,0.35400138654403224,0.4760434082271495
2026-01-12,week,2459,Atlas Super Glu 3g,Stationery,1.0434782608695652,3.3333333333333335,48,26,Medium Moving,6.444951113507772e-05,0.9510927814998071,0.04884276898905753,0.9510927814998071,0.47561084026103867
2026-01-12,week,1172,Lifebuoy Bodywash (Green Tea) 100ml,Beverages,2.7058823529411766,3.3333333333333335,184,67,Medium Moving,0.2593958080683944,0.43038174782681987,0.3102224441047857,0.43038174782681987,0.4745866819818043
2026-01-12,week,2696,Sesame &Ginger Mixed Jaggery 250g,Cooking Essentials,3.1379310344827585,5.285714285714286,182,47,Medium Moving,0.0999700860105871,0.7474398676116681,0.15259004637774495,0.7474398676116681,0.47369001981642117
2026-01-12,week,2821,Maliban Wafers (Chocolate) 90g,Snacks & Confectionery,3.2686567164179103,4.8,219,70,Slow Moving,0.320411602744444,0.3062178983646169,0.37337049889093893,0.37337049889093893,0.47352055192675246
2026-01-12,week,1583,Lipton Ceylonta Tea 100g,Beverages,2.9242424242424243,3.5,193,77,Medium Moving,0.0,0.9453437444837971,0.05465625551620278,0.9453437444837971,0.47267187224189855
2026-01-12,week,3078,Velvet Milk & Almond 70g,Dairy & Chilled,4.989247311827957,3.75,464,228,Medium Moving,0.0,0.9437799685694359,0.056220031430564074,0.9437799685694359,0.47188998428471796
2026-01-12,week,1997,Choco Peanut Butter325g,General Grocery,4.871794871794871,5.25,380,189,Medium Moving,0.0,0.9432335321006902,0.05676646789931001,0.9432335321006902,0.4716167660503451
2026-01-12,week,1437,Kotmale Chocolate milk 170ml,Dairy & Chilled,2.0434782608695654,3.5,141,69,Medium Moving,9.839199621985447e-05,0.9404105335517301,0.059491074452049965,0.9404105335517301,0.4703036587720849
2026-01-12,week,2963,Lion Ginger Beer 1050ml,Cooking Essentials,4.192982456140351,3.75,239,46,Medium Moving,0.0,0.9400666476919114,0.05993335230808897,0.9400666476919114,0.4700333238459557
2026-01-12,week,1447,R.L Drinking Yoghurt (vanilla),Dairy & Chilled,2.1333333333333333,3.125,128,67,Medium Moving,3.394248508477675e-05,0.938958529069074,0.0610075284458412,0.938958529069074,0.46951320701962174
2026-01-12,week,2693,Fontana Apple Juice 1L,Beverages,2.5076923076923077,3.6666666666666665,163,63,Medium Moving,0.0,0.9371970467297646,0.06280295327023545,0.9371970467297646,0.4685985233648823
2026-01-12,week,1962,Edinborough Chilli Paste 325g,Cooking Essentials,3.328125,3.25,213,55,Medium Moving,0.0,0.9348442610051497,0.06515573899485011,0.9348442610051497,0.46742213050257486
2026-01-12,week,1088,C.Baby Soap (Pichcha) 125g,Baby & Kids,4.22680412371134,4.25,410,238,Medium Moving,0.13063329975530827,0.6708284097410007,0.19853829050369107,0.6708284097410007,0.4660475046258086
2026-01-12,week,1442,Rich Life Cheese Wedges 120g,Dairy & Chilled,1.5964912280701755,4.25,91,50,Medium Moving,0.0,0.9317036828754991,0.06829631712450097,0.9317036828754991,0.46585184143774955
2026-01-12,week,1825,Maliban Bran Crackers 210g,General Grocery,1.5892857142857142,3.5,89,44,Medium Moving,0.0,0.9312175398766029,0.068782460123397,0.9312175398766029,0.46560876993830147
2026-01-12,week,3054,Pears Rathmal BabySoap 70g,General Grocery,5.01123595505618,5.222222222222222,446,233,Medium Moving,0.0958780859696386,0.7382237495612533,0.16589816446910846,0.7382237495612533,0.4649899607502652
2026-01-12,week,3192,Daily Faluda Flavoured Milk 1L,Dairy & Chilled,5.306818181818182,5.555555555555555,467,244,Medium Moving,0.05884069525489078,0.8119078392917053,0.1292514654534045,0.8119078392917053,0.4647946149007434
2026-01-12,week,1851,CBL Hawaian Cookies 200g,General Grocery,1.830188679245283,3.6,97,52,Medium Moving,9.839199621985447e-05,0.9262899833795886,0.07361162462419148,0.9262899833795886,0.46324338368601414
2026-01-12,week,2716,Pelwatte Butter 200g,Dairy & Chilled,7.787234042553192,4.125,732,382,Medium Moving,0.0,0.92577511698187,0.07422488301813004,0.92577511698187,0.462887558490935
2026-01-12,week,2370,Garlic 1kg,Cooking Essentials,4.109090909090909,4.75,226,51,Slow Moving,0.3425163908391688,0.23984348018971705,0.4176401289711143,0.4176401289711143,0.4624381309340273
2026-01-12,week,2997,P.Ole Ginger Beer,Cooking Essentials,3.30188679245283,3.5,175,44,Medium Moving,0.0,0.9223439071168279,0.07765609288317224,0.9223439071168279,0.46117195355841395
2026-01-12,week,2522,Denta Comfort (Medium),General Grocery,0.9166666666666666,2.5,44,23,Medium Moving,0.0,0.9220068707581816,0.07799312924181859,0.9220068707581816,0.4610034353790908
2026-01-12,week,1551,Maliban Tea 50g,Beverages,2.0153846153846153,4.75,131,52,Medium Moving,3.394248508477675e-05,0.9186776891937041,0.08128836832121106,0.9186776891937041,0.4593727870819368
2026-01-12,week,2334,CBL Wafer Stix 55g vanilla,Snacks & Confectionery,2.719298245614035,4.8,155,64,Medium Moving,0.0,0.9184245087197327,0.08157549128026705,0.9184245087197327,0.45921225435986635
2026-01-12,week,2586,Marina Cooking Oil 1L,Cooking Essentials,2.9833333333333334,3.5,179,56,Medium Moving,0.0,0.9179627524718951,0.08203724752810504,0.9179627524718951,0.45898137623594754
2026-01-12,week,2960,Fanta Orange  Flavoured 250ml,Beverages,2.246376811594203,5.0,155,60,Medium Moving,3.394248508477675e-05,0.9165557379916176,0.08341031952329743,0.9165557379916176,0.45831181148089356
2026-01-12,week,2425,Maliban Chocolate Cream 200g,Personal Care,4.358695652173913,4.375,401,243,Medium Moving,0.1463108588529964,0.6237841809690304,0.229904960177973,0.6237841809690304,0.4582029493375116
2026-01-12,week,2245,Siddhalepa Kolasleshma Oil 30ml,Health & Medicine,1.6511627906976745,3.2,71,15,Slow Moving,0.4565518831254532,0.0013657849312962542,0.5420823319432506,0.5420823319432506,0.4572347755911013
2026-01-12,week,1020,Clogard (natural salt)70g,Staples & Dry Groceries,2.793103448275862,4.0,162,37,Medium Moving,0.15707566659051797,0.5964861124309461,0.2464382209785357,0.5964861124309461,0.455318722805991
2026-01-12,week,2742,Rich Life Iced Coffee 180ml,Beverages,2.0344827586206895,4.0,118,49,Medium Moving,0.1800276817665789,0.5485469671642985,0.2714253510691229,0.5485469671642985,0.45430116534872816
2026-01-12,week,3145,Chandanalepa Kohomba Ayurveda Soap 75g,Personal Care,5.2444444444444445,4.444444444444445,472,278,Medium Moving,0.0013244944474322604,0.903098893353045,0.09557661219952299,0.903098893353045,0.4528739411239548
2026-01-12,week,2058,Maggi Coconut Milk Powder 1kg,Dairy & Chilled,5.944444444444445,6.142857142857143,428,111,Slow Moving,0.27872415188199856,0.3479092454753974,0.3733666026426039,0.3733666026426039,0.4526787746196973
2026-01-12,week,2959,Lion Ginger Beer 250ml,Cooking Essentials,3.4642857142857144,4.0,194,53,Medium Moving,3.394248508477675e-05,0.9034467441664125,0.09651931334850343,0.9034467441664125,0.451757314568291
2026-01-12,week,2433,Golden Cow Baby Rusks (apple) 70g,Baby & Kids,1.3818181818181818,3.8,76,39,Medium Moving,6.444951113507772e-05,0.9004589473697192,0.09947660311914557,0.9004589473697192,0.4502939231959947
2026-01-12,week,2472,Revello Chocolate (Cashew) 100g,Snacks & Confectionery,2.6885245901639343,3.2,164,65,Medium Moving,0.0,0.9005007291853143,0.09949927081468564,0.9005007291853143,0.45025036459265716
2026-01-12,week,2240,Siddhalepa Mustard Oil 30ml,Health & Medicine,2.8518518518518516,4.5,154,33,Medium Moving,3.394248508477675e-05,0.8982460823973331,0.10171997511758202,0.8982460823973331,0.4491569836837513
2026-01-12,week,2700,Kist Mixed Fruit Juice 1L,Beverages,12.16470588235294,7.0,1034,356,Slow Moving,0.34412383593452583,0.20694589560841917,0.4489302684570552,0.4489302684570552,0.4475967837387354
2026-01-12,week,2347,R.L Drinking Yoghurt 180ml (Classic),Dairy & Chilled,1.8688524590163935,4.0,114,57,Medium Moving,4.4369290697758496e-05,0.8950196181762776,0.10493601253302419,0.8950196181762776,0.44755417837883654
2026-01-12,week,2163,Wijaya Chilli Pieces 100g,Cooking Essentials,4.666666666666667,4.2,308,68,Medium Moving,0.0,0.8893853191086765,0.11061468089132348,0.8893853191086765,0.44469265955433823
2026-01-12,week,3149,Fontana Pineapple Juice 1L,Beverages,2.343283582089552,3.0,157,60,Medium Moving,2.354515364081865e-05,0.8878054878165583,0.1121709670298004,0.8878054878165583,0.44392628906192
2026-01-12,week,2445,Fontana Cranberry Fruit Drink 1L,Beverages,2.310344827586207,3.0,134,45,Medium Moving,1.8066448708825758e-05,0.887813171598242,0.11216876195304891,0.887813171598242,0.44392465224782984
2026-01-12,week,2005,Marina Sun Flower Oil 500ml,Cooking Essentials,4.5,7.0,297,74,Slow Moving,0.27301687931149876,0.341090247766866,0.38589287292163565,0.38589287292163565,0.4435620031949318
2026-01-12,week,2023,San Remo Pasta (Elbows) 500g,Staples & Dry Groceries,3.0317460317460316,4.5,191,52,Medium Moving,0.0,0.8861230159000153,0.11387698409998474,0.8861230159000153,0.44306150795000765
2026-01-12,week,2186,Wijaya Gram Flour 400g,Staples & Dry Groceries,2.909090909090909,4.5,192,53,Medium Moving,0.09785655507488283,0.6847250349364851,0.21741840998863152,0.6847250349364851,0.44021907254312537
2026-01-12,week,2462,Atlas Precise Ruler 6'',Stationery,1.1521739130434783,4.2,53,27,Medium Moving,0.0,0.8775302430090087,0.1224697569909915,0.8775302430090087,0.43876512150450436
2026-01-12,week,2644,Britol Car Wash Liquid 500ml,Cleaning & Household,1.2758620689655173,3.3333333333333335,74,43,Medium Moving,2.6576318851394006e-05,0.8770889456547375,0.12288447802641103,0.8770889456547375,0.43857104914622014
2026-01-12,week,2165,Wijaya Chilli Pieces 500g,Cooking Essentials,4.316666666666666,3.5714285714285716,259,57,Medium Moving,1.5035283498250404e-05,0.8724012503991762,0.1275837143173248,0.8724012503991762,0.43621566048308635
2026-01-12,week,2474,Revello Chocolate (Cashew) 50g,Snacks & Confectionery,3.019230769230769,4.285714285714286,157,52,Medium Moving,0.19989810916881826,0.47251323425506236,0.3275886565761189,0.47251323425506236,0.43615472629634944
2026-01-12,week,1883,Dettol Hand Wash Refill (skincare)175ml,Cleaning & Household,4.576086956521739,5.5,421,246,Medium Moving,0.06872082397148206,0.7343464171076912,0.1969327589208269,0.7343464171076912,0.43589403252532766
2026-01-12,week,2325,Kist Mixed Fruit Nectar 1L,Beverages,2.5166666666666666,4.857142857142857,151,58,Medium Moving,0.0,0.8706686461728009,0.12933135382719863,0.8706686461728009,0.43533432308640047
2026-01-12,week,2723,Chocolate Coated Cookies 40g,Snacks & Confectionery,3.7142857142857144,4.0,234,81,Medium Moving,0.1581244776180932,0.5543195571103988,0.2875559652715079,0.5543195571103988,0.4352842561732926
2026-01-12,week,2730,Royal Cashew Nut (Hot & Spicy) 80g,General Grocery,0.813953488372093,3.5,35,16,Slow Moving,0.28328521235812804,0.30342381079253966,0.4132909768493321,0.4132909768493321,0.43499711775439787
2026-01-12,week,2305,Atlas CR Book Square Ruled (160p),Stationery,0.975609756097561,2.5,40,20,Medium Moving,0.0,0.869833497209531,0.1301665027904686,0.869833497209531,0.4349167486047655
2026-01-12,week,2103,BunTalk Better Biscuit 10pcs,Snacks & Confectionery,2.8805970149253732,4.285714285714286,193,71,Medium Moving,0.07646970400521177,0.7167389977499042,0.20679129824488374,0.7167389977499042,0.43483920288016387
2026-01-12,week,1399,Kellogg's Oats 200g,Staples & Dry Groceries,3.793103448275862,4.0,220,55,Medium Moving,0.0,0.8693588501153252,0.1306411498846747,0.8693588501153252,0.4346794250576626
2026-01-12,week,2379,Zesta Tea (BOPF) 490g,Beverages,2.7857142857142856,4.0,156,54,Medium Moving,0.0,0.8692736983255734,0.13072630167442617,0.8692736983255734,0.4346368491627867
2026-01-12,week,2987,Rasath Watalappan,General Grocery,0.9777777777777777,2.6666666666666665,44,25,Medium Moving,0.0,0.8678984567652321,0.1321015432347676,0.8678984567652321,0.43394922838261607
2026-01-12,week,2979,Pepsi 1.5L,Beverages,1.95,4.142857142857143,117,44,Slow Moving,0.2928274209240991,0.2795682231506693,0.42760435592523105,0.42760435592523105,0.43261153249943374
2026-01-12,week,3241,San Remo Penne Pasta 250g,Staples & Dry Groceries,4.607142857142857,5.571428571428571,258,65,Medium Moving,0.09763957659728263,0.6699296283184224,0.2324307950842949,0.6699296283184224,0.4326043907564938
2026-01-12,week,1935,Diva Fresh (Jasmine) 1kg,Cleaning & Household,1.25,2.3333333333333335,70,41,Medium Moving,1.8066448708825758e-05,0.8651686476716026,0.1348132858796886,0.8651686476716026,0.43260239028451014
2026-01-12,week,2779,Kist Grapes Juice 200ml,Beverages,2.3207547169811322,3.0,123,44,Slow Moving,0.35365289535196975,0.1567231206746319,0.48962398397339857,0.48962398397339857,0.4320144556892857
2026-01-12,week,2941,Chirpy Chips 50g,Snacks & Confectionery,2.9245283018867925,2.8333333333333335,155,51,Medium Moving,2.6576318851394006e-05,0.8634936045683571,0.13647981911279153,0.8634936045683571,0.43177337860302994
2026-01-12,week,2545,Link Kesha Hair Oil (Lite)100ml,Personal Care,3.283333333333333,4.2,197,35,Slow Moving,0.2587937515010405,0.3435247144044331,0.3976815340945263,0.3976815340945263,0.43055610870325706
2026-01-12,week,2803,Misumi Momo Soap 90g,Personal Care,4.252747252747253,3.2222222222222223,387,227,Medium Moving,3.394248508477675e-05,0.8562179280463827,0.1437481294685328,0.8562179280463827,0.42814290650827613
2026-01-12,week,1423,Highland Milk Powder (Low Fat) 400g,Dairy & Chilled,1.7536231884057971,4.0,121,63,Medium Moving,8.509870142568246e-06,0.8545511923038238,0.14544029782603346,0.8545511923038238,0.42728410602205447
2026-01-12,week,1582,Lipton Ceylonta Tea 50g,Beverages,2.5714285714285716,3.375,162,70,Medium Moving,0.12879112555726685,0.5962220844047283,0.2749867900380046,0.5962220844047283,0.426902167759631
2026-01-12,week,1814,SCAN Jumbo Peanut (Chilli)15g,Cooking Essentials,3.5072463768115942,4.2,242,70,Medium Moving,3.394248508477675e-05,0.851610962134001,0.14835509538091426,0.851610962134001,0.42583942355208526
2026-01-12,week,1278,Sunlight  (Nil Manel) 115g,Cleaning & Household,3.9887640449438204,3.2222222222222223,355,196,Medium Moving,0.07957026497093163,0.6922354052537321,0.22819432977533624,0.6922354052537321,0.42568796759779765
2026-01-12,week,2766,Lipton Ceylonta 100 Tea bags,Beverages,2.955223880597015,4.666666666666667,198,72,Medium Moving,0.11858457817433564,0.6115386175277191,0.2698768042979454,0.6115386175277191,0.4243538869381952
2026-01-12,week,2588,CBL Snak Cracker 170g,Snacks & Confectionery,3.253731343283582,4.142857142857143,218,77,Medium Moving,0.1499519832392367,0.5486236158724882,0.30142440088827527,0.5486236158724882,0.4242637911754808
2026-01-12,week,1331,Harpic Citrus 200ml,Cleaning & Household,1.5686274509803921,3.3333333333333335,80,40,Medium Moving,0.0,0.8481025258091531,0.15189747419084693,0.8481025258091531,0.42405126290457656
2026-01-12,week,1400,Kellogg's Oats 450g,Staples & Dry Groceries,3.0714285714285716,5.833333333333333,172,46,Medium Moving,0.10971413732402334,0.6278928666975597,0.26239299597841714,0.6278928666975597,0.4236605706728032
2026-01-12,week,2777,Robin Liquid Blue 75ml,General Grocery,0.926829268292683,2.3333333333333335,38,17,Medium Moving,0.0,0.8456578543331488,0.15434214566685073,0.8456578543331488,0.4228289271665744
2026-01-12,week,2995,P.Mirinda beverage 1L,General Grocery,4.2555555555555555,3.375,383,183,Medium Moving,0.0,0.844826297934454,0.15517370206554576,0.844826297934454,0.422413148967227
2026-01-12,week,2107,Kandos Milk Choco 45g,Dairy & Chilled,2.0483870967741935,4.5,127,63,Medium Moving,3.394248508477675e-05,0.8439283606997792,0.15603769681513607,0.8439283606997792,0.42199812283497434
2026-01-12,week,1855,CBL Nice Biscuits  400g,Snacks & Confectionery,2.6507936507936507,4.666666666666667,167,60,Medium Moving,0.0,0.8415299018560173,0.15847009814398255,0.8415299018560173,0.42076495092800864
2026-01-12,week,2810,Soya 90g,Cooking Essentials,3.709090909090909,3.5,204,48,Medium Moving,0.0,0.8378592823888708,0.16214071761112933,0.8378592823888708,0.4189296411944354
2026-01-12,week,2324,Kist Mixed Fruit Nectar 500ml,Beverages,2.982142857142857,4.444444444444445,167,60,Medium Moving,0.14847502265144083,0.5363212908727699,0.3152036864757893,0.5363212908727699,0.4166356680878258
2026-01-12,week,2133,A&S Red Rice Flour 900g,Staples & Dry Groceries,5.327868852459017,3.5,325,79,Medium Moving,0.0,0.8324717704259158,0.16752822957408425,0.8324717704259158,0.4162358852129579
2026-01-12,week,3170,Surf Excel 500g,General Grocery,4.905882352941177,4.333333333333333,417,226,Medium Moving,0.17876455431591295,0.4728166365482036,0.3484188091358836,0.4728166365482036,0.4151728725900148
2026-01-12,week,2241,Siddhalepa Peenas Oil 30ml,Health & Medicine,1.4259259259259258,2.4285714285714284,77,18,Medium Moving,1.31133899232605e-05,0.8286570443937208,0.17132984221635605,0.8286570443937208,0.41434163558678366
2026-01-12,week,2880,Black Olives 350g,General Grocery,1.5294117647058822,3.4,52,21,Medium Moving,0.0,0.8277212567009781,0.17227874329902182,0.8277212567009781,0.41386062835048903
2026-01-12,week,1417,Highland Fresh Milk 450ml,Dairy & Chilled,2.3174603174603177,3.0,146,74,Medium Moving,0.0001684166093712062,0.8267793608865308,0.17305222250409785,0.8267793608865308,0.41355809705263663
2026-01-12,week,1464,Lakspray Milk Powder 400g,Dairy & Chilled,1.8070175438596492,3.5,103,61,Medium Moving,1.1541035353143602e-05,0.8246403405040031,0.17534811846064327,0.8246403405040031,0.41233171128735474
2026-01-12,week,3102,Playing cards Plastic Coated,General Grocery,1.0,2.25,38,18,Medium Moving,0.0,0.8244164990436902,0.17558350095630973,0.8244164990436902,0.4122082495218451
2026-01-12,week,1221,N/S Facial Wash 50ml (Carrot),Cleaning & Household,1.2131147540983607,2.75,74,40,Medium Moving,6.444951113507772e-05,0.8230007383214594,0.1769348121674058,0.8230007383214594,0.4115648186718648
2026-01-12,week,2406,A&S White Rice Flour 900g,Staples & Dry Groceries,4.830508474576271,2.6666666666666665,285,69,Medium Moving,6.166272661490044e-05,0.8205909001040654,0.17934743716931895,0.8205909001040654,0.4103571127786476
2026-01-12,week,2024,San Remo Pasta (Small Shells) 500g,Staples & Dry Groceries,3.140845070422535,4.0,223,53,Medium Moving,0.1134201326615214,0.5856162679165492,0.300963599421929,0.5856162679165492,0.406228266619796
2026-01-12,week,2702,Highland Curd 950g,Dairy & Chilled,1.9444444444444444,3.3333333333333335,105,47,Medium Moving,0.13853597214979269,0.5350463185131326,0.32641770933707503,0.5350463185131326,0.40605913140635896
2026-01-12,week,1428,Ambewela Fresh Milk (non-fat) 1L,Dairy & Chilled,1.7580645161290323,2.8,109,59,Medium Moving,0.0,0.810406546415649,0.18959345358435092,0.810406546415649,0.4052032732078245
2026-01-12,week,2345,Ruby White Samba 1kg,Staples & Dry Groceries,2.847457627118644,2.0,168,41,Slow Moving,0.21757038316835975,0.37299421694982493,0.40943539988181527,0.40943539988181527,0.4040674916432722
2026-01-12,week,1110,Kumarika Hair Oil 50ml,Personal Care,3.2325581395348837,5.0,139,36,Medium Moving,0.18863405677847545,0.4308085928381596,0.38055735038336475,0.4308085928381596,0.4040383531975552
2026-01-12,week,1988,KIST Chilli Sauce190g,Cooking Essentials,3.7636363636363637,2.6666666666666665,207,50,Medium Moving,2.6576318851394006e-05,0.8078381162472499,0.19213530743389842,0.8078381162472499,0.40394563444247633
2026-01-12,week,2994,Pepsi Beverage 1L,Beverages,1.8225806451612903,2.7777777777777777,113,47,Medium Moving,2.6576318851394006e-05,0.8070424874448626,0.19293093623628518,0.8070424874448626,0.4035478200412827
2026-01-12,week,2018,Coopoliva Olive Oil 250ml,Cooking Essentials,6.1066666666666665,5.166666666666667,458,108,Medium Moving,0.14062908585022163,0.5222532660665717,0.3371176480832068,0.5222532660665717,0.4017557188835075
2026-01-12,week,2542,Rancrips Cassava Chips (Original)100g,Snacks & Confectionery,1.8833333333333333,3.5,113,48,Medium Moving,4.4369290697758496e-05,0.8015279309919672,0.19842769971733454,0.8015279309919672,0.4008083347866813
